generation,best_in_population,mean_fitness,global_best_fitness
0,931.218667,-919.291578,931.218667
1,931.218667,-752.918961,931.218667
2,931.218667,-678.141537,931.218667
3,931.218667,-457.396036,931.218667
4,931.218667,-296.094279,931.218667
5,931.218667,-211.306694,931.218667
6,931.218667,-296.082636,931.218667
7,931.218667,-294.779261,931.218667
8,931.218667,-168.695723,931.218667
9,931.218667,-360.874939,931.218667
10,931.218667,-348.215966,931.218667
11,931.218667,-280.785519,931.218667
12,931.218667,-330.413545,931.218667
13,931.218667,-413.578717,931.218667
14,931.218667,-408.667840,931.218667
15,931.218667,-220.615155,931.218667
16,931.218667,-306.141112,931.218667
17,931.570667,-284.500749,931.570667
18,931.570667,-368.614204,931.570667
19,931.570667,-463.952267,931.570667
20,931.570667,-501.555894,931.570667
21,931.570667,-464.993250,931.570667
22,931.570667,-326.037047,931.570667
23,931.570667,-289.355853,931.570667
24,931.570667,-380.013875,931.570667
25,931.570667,-317.136008,931.570667
26,931.570667,-242.469554,931.570667
27,931.570667,-353.735326,931.570667
28,931.570667,-234.834828,931.570667
29,931.570667,-160.566900,931.570667
30,931.570667,-512.947299,931.570667
31,931.570667,-379.333949,931.570667
32,931.570667,-332.892514,931.570667
33,931.570667,-295.852479,931.570667
34,931.570667,-129.914585,931.570667
35,931.570667,-143.045275,931.570667
36,931.570667,-372.838699,931.570667
37,931.570667,-332.656292,931.570667
38,931.570667,-222.621633,931.570667
39,931.570667,-342.870568,931.570667
40,931.570667,-468.103459,931.570667
41,931.570667,-470.924168,931.570667
42,931.570667,-346.238888,931.570667
43,931.570667,-436.248604,931.570667
44,931.570667,-218.436472,931.570667
45,931.570667,-278.047919,931.570667
46,931.570667,-323.197463,931.570667
47,931.570667,-355.062951,931.570667
48,931.570667,-212.788595,931.570667
49,931.570667,-250.600485,931.570667
50,931.570667,-246.074710,931.570667
51,931.570667,-260.359849,931.570667
52,931.570667,-490.140693,931.570667
53,931.570667,-492.981572,931.570667
54,931.570667,-357.003166,931.570667
55,931.570667,-398.047307,931.570667
56,931.570667,-249.688486,931.570667
57,931.570667,-170.897664,931.570667
58,931.570667,-290.032999,931.570667
59,931.570667,-172.907482,931.570667
60,931.570667,-358.156470,931.570667
61,931.570667,-388.796326,931.570667
62,931.570667,-360.932991,931.570667
63,931.570667,-340.672267,931.570667
64,931.570667,-428.740852,931.570667
65,931.570667,-308.402944,931.570667
66,931.570667,-321.917604,931.570667
67,931.570667,-191.174629,931.570667
68,931.570667,-147.824668,931.570667
69,931.570667,-211.150322,931.570667
70,931.570667,-383.648918,931.570667
71,931.839000,-265.376528,931.839000
72,931.839000,-486.988419,931.839000
73,931.839000,-427.572216,931.839000
74,931.839000,-432.590716,931.839000
75,931.839000,-268.761168,931.839000
76,931.839000,-392.240544,931.839000
77,931.839000,-271.628220,931.839000
78,931.839000,-338.289409,931.839000
79,931.839000,-398.768493,931.839000
80,931.839000,-338.990434,931.839000
81,931.839000,-363.585348,931.839000
82,931.839000,-352.573129,931.839000
83,931.839000,-293.066451,931.839000
84,931.839000,-252.682528,931.839000
85,931.839000,-493.717022,931.839000
86,931.839000,-428.274708,931.839000
87,931.839000,-440.619053,931.839000
88,931.839000,-492.069973,931.839000
89,931.839000,-617.258069,931.839000
90,931.839000,-572.433434,931.839000
91,931.839000,-216.542514,931.839000
92,931.839000,-199.439686,931.839000
93,931.839000,-330.506706,931.839000
94,931.839000,-263.863998,931.839000
95,931.839000,-295.868113,931.839000
96,931.839000,-441.415555,931.839000
97,931.839000,-451.728504,931.839000
98,931.839000,-393.915871,931.839000
99,931.839000,-365.129920,931.839000
100,931.839000,-385.214925,931.839000
101,931.839000,-466.070817,931.839000
102,931.839000,-368.441534,931.839000
103,931.839000,-351.705095,931.839000
104,931.839000,-349.957860,931.839000
105,931.839000,-311.215501,931.839000
106,931.839000,-186.697432,931.839000
107,931.839000,-471.715286,931.839000
108,931.839000,-365.864189,931.839000
109,931.839000,-457.897541,931.839000
110,931.839000,-428.799033,931.839000
111,931.839000,-492.390058,931.839000
112,931.839000,-61.061744,931.839000
113,931.839000,-213.436235,931.839000
114,931.839000,-330.979550,931.839000
115,931.839000,-269.539771,931.839000
116,931.839000,-470.108416,931.839000
117,931.839000,-306.151308,931.839000
118,931.839000,-484.650294,931.839000
119,931.839000,-352.552428,931.839000
120,931.839000,-343.661835,931.839000
121,931.839000,-410.131620,931.839000
122,932.106667,-309.643146,932.106667
123,932.106667,-330.132955,932.106667
124,932.106667,-273.366371,932.106667
125,932.106667,-312.613775,932.106667
126,932.387667,-274.810678,932.387667
127,932.387667,-380.172926,932.387667
128,932.387667,-459.600102,932.387667
129,932.387667,-497.889357,932.387667
130,932.387667,-387.314345,932.387667
131,932.387667,-392.797742,932.387667
132,932.387667,-439.477394,932.387667
133,932.387667,-592.191109,932.387667
134,932.694667,-252.257061,932.694667
135,932.694667,-458.626217,932.694667
136,932.694667,-258.032418,932.694667
137,932.694667,-435.257363,932.694667
138,932.694667,-334.599594,932.694667
139,932.694667,-304.830364,932.694667
140,932.694667,-303.119629,932.694667
141,932.694667,-292.350953,932.694667
142,932.694667,-305.477315,932.694667
143,932.694667,-245.522981,932.694667
144,932.694667,-196.058242,932.694667
145,933.235000,-218.080653,933.235000
146,933.235000,-310.220949,933.235000
147,933.235000,-179.049033,933.235000
148,933.235000,-268.198293,933.235000
149,933.235000,-364.101366,933.235000
150,933.235000,-309.145479,933.235000
151,933.235000,-189.527843,933.235000
152,933.235000,-198.114147,933.235000
153,933.235000,-188.506460,933.235000
154,933.235000,57.406485,933.235000
155,933.235000,-153.874558,933.235000
156,933.235000,-181.167803,933.235000
157,933.235000,-192.901139,933.235000
158,933.235000,-270.872324,933.235000
159,933.235000,-118.470366,933.235000
160,933.235000,-275.941813,933.235000
161,933.235000,-363.438386,933.235000
162,933.235000,-413.424144,933.235000
163,933.235000,-361.468272,933.235000
164,933.235000,-414.524207,933.235000
165,933.235000,-502.625178,933.235000
166,933.235000,-351.742305,933.235000
167,933.235000,-147.469885,933.235000
168,933.235000,-294.727518,933.235000
169,933.235000,-388.781253,933.235000
170,933.235000,-442.015677,933.235000
171,933.235000,-355.464888,933.235000
172,933.235000,-378.759523,933.235000
173,933.235000,-202.266471,933.235000
174,933.235000,-454.458743,933.235000
175,933.235000,-229.812364,933.235000
176,933.235000,-138.432536,933.235000
177,933.235000,-108.797565,933.235000
178,933.387333,-301.584737,933.387333
179,933.387333,-251.261415,933.387333
180,933.387333,-359.375023,933.387333
181,933.387333,-194.033271,933.387333
182,933.387333,-214.499760,933.387333
183,933.387333,-357.767942,933.387333
184,933.387333,-305.811240,933.387333
185,933.387333,-423.723208,933.387333
186,933.387333,-221.580536,933.387333
187,933.387333,-315.508130,933.387333
188,933.387333,-308.019455,933.387333
189,933.387333,-57.014789,933.387333
190,933.387333,-183.164659,933.387333
191,933.387333,-304.599850,933.387333
192,933.387333,-357.211302,933.387333
193,933.387333,-213.512269,933.387333
194,933.387333,-295.762456,933.387333
195,933.387333,-480.966001,933.387333
196,933.387333,-396.291870,933.387333
197,933.387333,-258.060540,933.387333
198,933.387333,-265.893718,933.387333
199,933.387333,-253.055691,933.387333
200,933.387333,-308.945379,933.387333
201,933.387333,-368.223015,933.387333
202,933.387333,-380.237704,933.387333
203,933.387333,-211.571153,933.387333
204,933.387333,-131.151780,933.387333
205,933.387333,-231.018919,933.387333
206,933.387333,-199.182337,933.387333
207,933.387333,-25.166323,933.387333
208,933.387333,-180.503797,933.387333
209,933.387333,-283.031290,933.387333
210,933.387333,-252.744640,933.387333
211,933.669000,-248.884510,933.669000
212,933.669000,-393.310435,933.669000
213,933.669000,-367.829991,933.669000
214,933.669000,-276.318696,933.669000
215,933.669000,-127.890399,933.669000
216,933.669000,-394.747059,933.669000
217,933.669000,-354.427508,933.669000
218,933.669000,-199.560513,933.669000
219,933.669000,-415.832430,933.669000
220,933.669000,-303.075845,933.669000
221,933.669000,-272.370839,933.669000
222,933.669000,-246.883165,933.669000
223,933.703333,-224.614955,933.703333
224,933.703333,-326.555622,933.703333
225,933.703333,-225.714481,933.703333
226,933.703333,-324.992596,933.703333
227,933.703333,-240.001480,933.703333
228,933.703333,-291.498079,933.703333
229,933.703333,-322.030719,933.703333
230,933.703333,-283.420024,933.703333
231,933.703333,-326.166152,933.703333
232,933.703333,-289.327353,933.703333
233,933.703333,-497.506669,933.703333
234,933.703333,-379.274666,933.703333
235,933.703333,-400.393496,933.703333
236,933.703333,-354.023496,933.703333
237,933.703333,-284.203644,933.703333
238,933.703333,-358.751275,933.703333
239,933.703333,-412.174103,933.703333
240,933.703333,-281.187825,933.703333
241,933.703333,-429.573302,933.703333
242,933.703333,-261.239227,933.703333
243,933.703333,-331.509363,933.703333
244,933.703333,-384.852548,933.703333
245,933.703333,-357.870629,933.703333
246,933.703333,-392.646925,933.703333
247,933.703333,-397.379336,933.703333
248,933.703333,-367.515922,933.703333
249,933.703333,-372.422969,933.703333
250,933.703333,-384.432361,933.703333
251,933.703333,-469.463067,933.703333
252,933.703333,-324.890212,933.703333
253,933.703333,-275.418062,933.703333
254,933.703333,-216.654829,933.703333
255,933.703333,-318.751463,933.703333
256,933.703333,-122.755715,933.703333
257,933.703333,-388.824641,933.703333
258,933.703333,-377.326781,933.703333
259,933.703333,-311.386189,933.703333
260,933.703333,-368.525571,933.703333
261,933.703333,-401.509270,933.703333
262,933.703333,-457.246523,933.703333
263,933.703333,-193.283425,933.703333
264,933.703333,-87.990348,933.703333
265,933.703333,-174.885713,933.703333
266,933.703333,-271.512894,933.703333
267,933.703333,-422.498137,933.703333
268,933.703333,-547.081022,933.703333
269,933.703333,-436.569620,933.703333
270,933.703333,-434.243544,933.703333
271,933.703333,-428.364090,933.703333
272,933.703333,-285.865764,933.703333
273,933.703333,-266.526228,933.703333
274,933.703333,-276.004073,933.703333
275,933.703333,-131.946001,933.703333
276,933.703333,-163.433563,933.703333
277,933.703333,-263.961486,933.703333
278,933.703333,-268.892517,933.703333
279,933.703333,-357.667219,933.703333
280,933.703333,-397.728713,933.703333
281,933.703333,-231.539260,933.703333
282,933.703333,-318.571760,933.703333
283,933.703333,-247.874263,933.703333
284,933.703333,-550.766143,933.703333
285,933.703333,-519.353852,933.703333
286,933.703333,-166.736983,933.703333
287,933.703333,-324.459794,933.703333
288,933.703333,-211.425577,933.703333
289,933.703333,-384.955872,933.703333
290,933.703333,-366.258823,933.703333
291,933.703333,-429.400799,933.703333
292,933.703333,-236.263486,933.703333
293,933.703333,-495.390304,933.703333
294,933.703333,-246.761276,933.703333
295,933.703333,-318.951627,933.703333
296,933.703333,-272.744150,933.703333
297,933.703333,-391.439693,933.703333
298,933.703333,-616.648074,933.703333
299,933.703333,-317.178631,933.703333
300,933.703333,-237.777757,933.703333
301,933.703333,-77.662190,933.703333
302,934.414333,-212.496008,934.414333
303,934.414333,-383.051615,934.414333
304,934.414333,-337.846008,934.414333
305,934.414333,-363.426137,934.414333
306,934.414333,-418.852224,934.414333
307,934.414333,-457.215171,934.414333
308,934.414333,-361.927150,934.414333
309,934.414333,-303.389931,934.414333
310,934.414333,-222.719953,934.414333
311,934.414333,-173.373324,934.414333
312,934.414333,-365.981273,934.414333
313,934.414333,-288.209203,934.414333
314,934.414333,-232.647992,934.414333
315,934.414333,-199.808106,934.414333
316,934.414333,-236.963285,934.414333
317,935.271333,-344.074807,935.271333
318,935.477667,-232.992393,935.477667
319,935.477667,-289.381589,935.477667
320,935.477667,-148.131293,935.477667
321,935.477667,7.212733,935.477667
322,935.477667,10.361206,935.477667
323,935.477667,144.432389,935.477667
324,935.477667,50.844934,935.477667
325,935.477667,114.047947,935.477667
326,935.477667,-23.381997,935.477667
327,935.477667,-49.757744,935.477667
328,935.477667,206.982253,935.477667
329,935.477667,274.955433,935.477667
330,935.477667,69.574634,935.477667
331,935.477667,155.585632,935.477667
332,935.477667,321.339403,935.477667
333,935.477667,196.313166,935.477667
334,935.477667,109.521777,935.477667
335,935.477667,-145.210871,935.477667
336,935.477667,-174.857297,935.477667
337,935.477667,-48.022282,935.477667
338,935.477667,84.118142,935.477667
339,935.477667,-169.597646,935.477667
340,935.477667,-8.451538,935.477667
341,935.477667,-83.381720,935.477667
342,935.477667,123.830271,935.477667
343,935.477667,231.744202,935.477667
344,935.477667,96.186837,935.477667
345,935.477667,140.030403,935.477667
346,935.477667,254.343278,935.477667
347,935.477667,133.638405,935.477667
348,935.477667,292.674511,935.477667
349,935.477667,27.394943,935.477667
350,935.477667,203.344295,935.477667
351,935.477667,-123.590726,935.477667
352,935.477667,17.784450,935.477667
353,935.477667,191.922953,935.477667
354,935.477667,-51.577286,935.477667
355,935.477667,4.070157,935.477667
356,935.477667,-37.107973,935.477667
357,935.477667,47.781376,935.477667
358,935.477667,394.609590,935.477667
359,935.477667,-53.692540,935.477667
360,935.477667,148.695204,935.477667
361,935.477667,80.404124,935.477667
362,935.477667,326.360168,935.477667
363,935.477667,-54.314725,935.477667
364,935.477667,86.906397,935.477667
365,935.477667,65.267559,935.477667
366,935.477667,79.581491,935.477667
367,935.477667,46.876194,935.477667
368,935.477667,6.625444,935.477667
369,935.477667,190.821740,935.477667
370,935.477667,-44.899613,935.477667
371,935.477667,222.220065,935.477667
372,935.477667,-204.030159,935.477667
373,935.477667,59.726761,935.477667
374,935.477667,229.010573,935.477667
375,935.477667,12.421048,935.477667
376,935.477667,-33.416544,935.477667
377,935.477667,165.177760,935.477667
378,935.477667,150.518953,935.477667
379,935.477667,253.495320,935.477667
380,935.477667,124.359490,935.477667
381,935.477667,77.752458,935.477667
382,935.477667,-166.224236,935.477667
383,935.477667,-21.015901,935.477667
384,935.477667,10.437773,935.477667
385,935.477667,12.858769,935.477667
386,935.477667,142.374581,935.477667
387,935.477667,108.234310,935.477667
388,935.477667,14.505608,935.477667
389,935.477667,-6.195891,935.477667
390,935.477667,403.024219,935.477667
391,935.477667,229.906610,935.477667
392,935.477667,97.119157,935.477667
393,935.477667,86.780356,935.477667
394,935.729000,60.496803,935.729000
395,935.729000,220.773216,935.729000
396,935.729000,-110.634397,935.729000
397,935.729000,-137.880207,935.729000
398,935.729000,55.440483,935.729000
399,935.729000,-330.249529,935.729000
400,935.729000,-324.344293,935.729000
401,935.729000,-113.021619,935.729000
402,935.729000,-310.082945,935.729000
403,935.729000,-467.353775,935.729000
404,935.729000,-458.782729,935.729000
405,935.729000,-355.474829,935.729000
406,935.729000,-465.299529,935.729000
407,935.729000,-495.701569,935.729000
408,935.729000,-499.149411,935.729000
409,936.720333,-263.908878,936.720333
410,936.720333,-419.982515,936.720333
411,936.720333,-315.860637,936.720333
412,937.849333,-234.867888,937.849333
413,938.648667,-210.688119,938.648667
414,938.648667,-110.811478,938.648667
415,938.648667,-246.069374,938.648667
416,938.648667,-88.365916,938.648667
417,940.190000,-230.543989,940.190000
418,940.340000,-266.621252,940.340000
419,940.340000,-202.327735,940.340000
420,940.340000,-207.518192,940.340000
421,940.340000,-256.442554,940.340000
422,940.340000,-309.196720,940.340000
423,940.340000,-333.199200,940.340000
424,941.646667,-474.590999,941.646667
425,943.117667,-303.123171,943.117667
426,943.117667,-420.172268,943.117667
427,943.117667,-460.387061,943.117667
428,943.117667,-457.728046,943.117667
429,943.117667,-252.109357,943.117667
430,943.209667,56.499586,943.209667
431,943.209667,-165.462138,943.209667
432,943.209667,-51.684653,943.209667
433,943.209667,-410.857813,943.209667
434,943.209667,-360.104604,943.209667
435,943.778000,-203.245035,943.778000
436,943.778000,-321.144658,943.778000
437,943.778000,-175.270803,943.778000
438,943.778000,-45.797130,943.778000
439,943.778000,-249.506861,943.778000
440,943.778000,-191.282803,943.778000
441,943.778000,-369.756868,943.778000
442,943.778000,-390.918012,943.778000
443,943.778000,-390.354829,943.778000
444,943.778000,-543.783764,943.778000
445,943.778000,-348.417263,943.778000
446,943.778000,-203.488524,943.778000
447,943.778000,-241.410263,943.778000
448,943.778000,-229.018836,943.778000
449,943.778000,-372.338592,943.778000
450,943.791667,-316.665499,943.791667
451,943.791667,-360.501907,943.791667
452,943.791667,-411.616482,943.791667
453,944.057333,-333.464055,944.057333
454,944.057333,-373.461681,944.057333
455,944.057333,-257.549485,944.057333
456,944.057333,-471.229545,944.057333
457,944.127333,-422.007865,944.127333
458,944.127333,-498.887111,944.127333
459,944.184667,-318.300186,944.184667
460,944.184667,-383.270688,944.184667
461,944.184667,-379.853173,944.184667
462,944.184667,-348.468593,944.184667
463,944.184667,-588.059202,944.184667
464,944.184667,-515.295571,944.184667
465,944.184667,-428.797065,944.184667
466,945.268000,-490.098771,945.268000
467,945.268000,-438.961903,945.268000
468,945.268000,-473.082826,945.268000
469,945.268000,-501.670269,945.268000
470,945.268000,-385.535016,945.268000
471,945.268000,-291.973838,945.268000
472,945.268000,-343.801446,945.268000
473,945.268000,-230.501916,945.268000
474,945.268000,-447.807339,945.268000
475,945.268000,-383.874157,945.268000
476,945.268000,-313.838871,945.268000
477,945.268000,-318.773423,945.268000
478,945.268000,-475.766168,945.268000
479,945.268000,-561.315469,945.268000
480,945.268000,-640.155729,945.268000
481,945.268000,-623.028380,945.268000
482,945.268000,-372.039668,945.268000
483,945.268000,-375.039517,945.268000
484,945.268000,-249.535917,945.268000
485,945.268000,-270.811131,945.268000
486,945.274667,-553.870161,945.274667
487,945.274667,-481.896681,945.274667
488,945.274667,-564.609034,945.274667
489,945.274667,-423.318974,945.274667
490,945.274667,-303.509801,945.274667
491,945.274667,-264.984951,945.274667
492,945.274667,-269.443737,945.274667
493,945.274667,-337.992068,945.274667
494,945.274667,-135.484006,945.274667
495,945.274667,-283.708965,945.274667
496,945.274667,-500.980313,945.274667
497,945.780333,-360.580073,945.780333
498,945.780333,-406.045549,945.780333
499,945.780333,-378.586334,945.780333
500,945.780333,-250.143932,945.780333
501,945.780333,-255.533863,945.780333
502,945.780333,-409.909961,945.780333
503,946.074667,-252.487394,946.074667
504,946.074667,-495.127565,946.074667
505,946.074667,-372.931550,946.074667
506,946.074667,-464.519821,946.074667
507,946.074667,-373.949934,946.074667
508,946.074667,-347.034327,946.074667
509,946.074667,-464.509509,946.074667
510,946.074667,-513.571961,946.074667
511,947.162000,-203.194657,947.162000
512,947.162000,-272.864997,947.162000
513,947.162000,-204.052010,947.162000
514,947.162000,-329.297243,947.162000
515,947.162000,-272.916220,947.162000
516,947.162000,-113.128163,947.162000
517,947.162000,-176.291537,947.162000
518,947.162000,-483.507931,947.162000
519,947.162000,-304.933197,947.162000
520,947.162000,-271.703707,947.162000
521,947.162000,-333.008597,947.162000
522,947.266000,-525.759195,947.266000
523,947.266000,-548.743266,947.266000
524,947.266000,-436.478982,947.266000
525,947.266000,-367.093407,947.266000
526,947.266000,-253.878461,947.266000
527,947.266000,-247.792207,947.266000
528,947.266000,-317.009438,947.266000
529,947.266000,-179.915165,947.266000
530,947.266000,-285.666361,947.266000
531,947.266000,-229.659039,947.266000
532,947.266000,-265.379715,947.266000
533,947.266000,-383.126006,947.266000
534,947.266000,-327.034131,947.266000
535,947.266000,-491.009488,947.266000
536,947.266000,-409.955864,947.266000
537,947.266000,-433.755967,947.266000
538,947.266000,-419.695641,947.266000
539,947.266000,-520.094855,947.266000
540,947.266000,-275.103451,947.266000
541,947.266000,-137.501879,947.266000
542,947.266000,-175.017413,947.266000
543,947.266000,-256.466056,947.266000
544,947.266000,-335.820541,947.266000
545,947.266000,-365.246117,947.266000
546,947.266000,-338.417671,947.266000
547,947.266000,-200.624818,947.266000
548,947.266000,-318.380224,947.266000
549,947.266000,-80.493140,947.266000
550,947.266000,-188.074710,947.266000
551,947.266000,-287.497354,947.266000
552,947.266000,-428.147851,947.266000
553,947.266000,-404.824410,947.266000
554,947.266000,-494.396170,947.266000
555,947.266000,-504.108056,947.266000
556,947.266000,-393.945360,947.266000
557,947.266000,-254.370924,947.266000
558,947.266000,-234.355730,947.266000
559,947.266000,-415.675644,947.266000
560,947.266000,-353.152614,947.266000
561,947.266000,-452.638531,947.266000
562,947.266000,-416.112381,947.266000
563,947.266000,-397.923624,947.266000
564,947.266000,-445.670156,947.266000
565,947.266000,-296.070413,947.266000
566,947.266000,-386.813948,947.266000
567,947.266000,-174.995087,947.266000
568,947.266000,-217.993775,947.266000
569,947.266000,-260.792863,947.266000
570,947.266000,-187.616983,947.266000
571,947.266000,-192.890424,947.266000
572,947.266000,-314.726832,947.266000
573,947.266000,-218.060950,947.266000
574,947.266000,-386.603988,947.266000
575,947.266000,-289.306530,947.266000
576,947.266000,-453.804823,947.266000
577,947.266000,-385.105885,947.266000
578,947.266000,-288.277957,947.266000
579,948.760000,56.307451,948.760000
580,948.760000,-489.447967,948.760000
581,948.760000,-416.455537,948.760000
582,948.760000,-463.765258,948.760000
583,948.760000,-363.719580,948.760000
584,949.057333,-404.605484,949.057333
585,949.057333,-316.473532,949.057333
586,949.057333,-239.258545,949.057333
587,949.057333,-193.127087,949.057333
588,949.057333,-374.180516,949.057333
589,949.057333,-308.768869,949.057333
590,949.057333,-452.287327,949.057333
591,949.057333,-475.918013,949.057333
592,949.057333,-359.533637,949.057333
593,949.057333,-180.774942,949.057333
594,949.057333,-206.989300,949.057333
595,949.161667,-387.854860,949.161667
596,949.161667,-343.501516,949.161667
597,949.161667,-546.964878,949.161667
598,949.161667,-293.993705,949.161667
599,949.161667,-399.850768,949.161667
600,949.161667,-649.297194,949.161667
601,949.161667,-591.351241,949.161667
602,949.161667,-681.707691,949.161667
603,949.161667,-514.077269,949.161667
604,949.161667,-541.910406,949.161667
605,949.161667,-367.595766,949.161667
606,949.161667,-84.846237,949.161667
607,949.161667,-208.237262,949.161667
608,949.161667,46.336626,949.161667
609,949.161667,-218.840985,949.161667
610,949.251000,-379.700545,949.251000
611,949.251000,-435.973742,949.251000
612,949.251000,-535.340083,949.251000
613,949.251000,-372.402936,949.251000
614,949.251000,-261.139467,949.251000
615,949.251000,-177.328923,949.251000
616,949.251000,-171.853532,949.251000
617,949.251000,-253.919970,949.251000
618,949.251000,-344.408733,949.251000
619,949.251000,-220.029148,949.251000
620,949.251000,-249.269209,949.251000
621,949.251000,-247.519658,949.251000
622,949.251000,-165.836268,949.251000
623,949.251000,-179.903870,949.251000
624,949.251000,-149.468148,949.251000
625,949.251000,-275.363207,949.251000
626,949.251000,-225.689975,949.251000
627,949.251000,-422.577014,949.251000
628,949.251000,-418.651541,949.251000
629,949.251000,-211.416586,949.251000
630,949.251000,-216.475239,949.251000
631,949.251000,-278.552623,949.251000
632,949.251000,-327.358903,949.251000
633,949.251000,-441.804461,949.251000
634,949.251000,-233.995222,949.251000
635,949.251000,-197.232541,949.251000
636,949.251000,-435.936342,949.251000
637,949.251000,-432.304878,949.251000
638,949.251000,-239.888004,949.251000
639,949.251000,-227.092187,949.251000
640,949.251000,-294.674996,949.251000
641,949.251000,-441.239908,949.251000
642,949.251000,-412.007231,949.251000
643,949.251000,-337.874794,949.251000
644,949.251000,-414.417644,949.251000
645,949.251000,-405.143434,949.251000
646,949.251000,-351.718534,949.251000
647,949.251000,-345.505449,949.251000
648,949.251000,-307.483638,949.251000
649,949.251000,-411.589265,949.251000
650,949.251000,-249.885775,949.251000
651,949.251000,-344.543499,949.251000
652,949.251000,-247.841603,949.251000
653,949.251000,-408.049727,949.251000
654,949.251000,-228.957655,949.251000
655,949.286333,-254.751168,949.286333
656,949.286333,-224.374780,949.286333
657,949.286333,-174.609111,949.286333
658,949.286333,-374.286988,949.286333
659,949.286333,-214.832403,949.286333
660,949.286333,-249.436682,949.286333
661,949.286333,-188.675153,949.286333
662,949.286333,-360.599813,949.286333
663,949.286333,-342.801476,949.286333
664,949.286333,-139.544471,949.286333
665,949.286333,-283.459129,949.286333
666,949.286333,-321.109101,949.286333
667,949.286333,-367.629086,949.286333
668,949.286333,-217.711105,949.286333
669,949.286333,-242.908858,949.286333
670,949.286333,-135.086746,949.286333
671,949.286333,-27.446572,949.286333
672,949.286333,-142.481380,949.286333
673,949.286333,-233.723346,949.286333
674,949.286333,-363.135659,949.286333
675,949.286333,-449.249656,949.286333
676,949.286333,-360.572695,949.286333
677,949.286333,-329.948846,949.286333
678,949.286333,-263.636678,949.286333
679,949.286333,-273.065235,949.286333
680,949.286333,-138.783444,949.286333
681,949.681000,-156.342432,949.681000
682,949.681000,-314.475241,949.681000
683,949.681000,-326.132310,949.681000
684,949.703000,-252.358882,949.703000
685,949.703000,-528.627992,949.703000
686,949.703000,-337.544437,949.703000
687,949.703000,-223.291919,949.703000
688,949.703000,-347.657347,949.703000
689,949.703000,-246.373082,949.703000
690,949.703000,216.520302,949.703000
691,949.703000,11.321166,949.703000
692,949.703000,122.855363,949.703000
693,949.703000,102.760456,949.703000
694,949.958000,-129.863903,949.958000
695,949.958000,53.498293,949.958000
696,949.958000,-104.622033,949.958000
697,949.958000,-179.381837,949.958000
698,949.958000,-162.585331,949.958000
699,949.958000,-262.836859,949.958000
700,949.958000,-402.318419,949.958000
701,949.958000,-463.884326,949.958000
702,949.958000,-319.193954,949.958000
703,949.958000,-313.802242,949.958000
704,949.958000,-474.666210,949.958000
705,949.958000,-531.057467,949.958000
706,949.958000,-337.693479,949.958000
707,949.958000,-526.338251,949.958000
708,949.958000,-333.409457,949.958000
709,949.958000,-389.910400,949.958000
710,949.958000,-374.624579,949.958000
711,949.958000,-443.335964,949.958000
712,949.958000,-506.564899,949.958000
713,949.958000,-464.210930,949.958000
714,949.958000,-415.697688,949.958000
715,949.958000,-461.019350,949.958000
716,949.958000,-233.736668,949.958000
717,949.958000,-371.923229,949.958000
718,949.958000,-542.297295,949.958000
719,949.958000,-444.911574,949.958000
720,949.958000,-173.239105,949.958000
721,949.958000,-514.892476,949.958000
722,949.958000,-582.917775,949.958000
723,949.958000,-459.844635,949.958000
724,949.958000,-471.225504,949.958000
725,949.958000,-415.242303,949.958000
726,949.958000,-321.685586,949.958000
727,949.958000,-145.265733,949.958000
728,949.958000,-474.290710,949.958000
729,949.958000,-503.868109,949.958000
730,949.958000,-460.485549,949.958000
731,949.958000,-376.063769,949.958000
732,949.958000,-389.100493,949.958000
733,949.958000,-229.129435,949.958000
734,949.958000,-579.916386,949.958000
735,949.958000,-540.039017,949.958000
736,949.958000,-514.861350,949.958000
737,949.958000,-558.343419,949.958000
738,949.958000,-388.704388,949.958000
739,949.958000,-581.445954,949.958000
740,949.958000,-471.636224,949.958000
741,950.209333,-458.141421,950.209333
742,950.209333,-371.474600,950.209333
743,950.209333,-383.524465,950.209333
744,950.209333,-334.301773,950.209333
745,950.209333,-288.808613,950.209333
746,950.209333,-315.997438,950.209333
747,950.209333,-528.020726,950.209333
748,950.209333,-461.539917,950.209333
749,950.209333,-302.810883,950.209333
750,950.209333,-335.703586,950.209333
751,950.209333,-557.989763,950.209333
752,950.209333,-478.465592,950.209333
753,950.209333,-490.473018,950.209333
754,950.209333,-348.487636,950.209333
755,950.209333,-455.083353,950.209333
756,950.209333,-383.628125,950.209333
757,950.209333,-319.934574,950.209333
758,950.209333,-497.030333,950.209333
759,950.209333,-590.445713,950.209333
760,950.209333,-446.313640,950.209333
761,950.209333,-394.524791,950.209333
762,950.209333,-337.077583,950.209333
763,950.209333,-364.690159,950.209333
764,950.209333,-432.813328,950.209333
765,950.209333,-376.626261,950.209333
766,950.209333,-314.067107,950.209333
767,950.209333,-284.984895,950.209333
768,950.209333,-206.379091,950.209333
769,950.209333,-440.923061,950.209333
770,950.209333,-377.877639,950.209333
771,950.209333,-330.234367,950.209333
772,950.209333,-437.824818,950.209333
773,950.209333,-499.104069,950.209333
774,950.209333,-363.465187,950.209333
775,950.209333,-486.591777,950.209333
776,950.209333,-445.190542,950.209333
777,950.209333,-501.954670,950.209333
778,950.209333,-490.176378,950.209333
779,950.209333,-315.994454,950.209333
780,950.209333,-309.482969,950.209333
781,950.209333,-690.604100,950.209333
782,950.209333,-557.693715,950.209333
783,950.209333,-447.277541,950.209333
784,950.209333,-428.366999,950.209333
785,950.209333,-330.600435,950.209333
786,950.209333,-50.228031,950.209333
787,950.209333,-274.469059,950.209333
788,950.209333,-502.652891,950.209333
789,950.209333,-231.338857,950.209333
790,950.209333,-459.921688,950.209333
791,950.209333,-251.602475,950.209333
792,950.209333,-510.519468,950.209333
793,950.209333,-543.466277,950.209333
794,950.209333,-586.661821,950.209333
795,950.209333,-443.329673,950.209333
796,950.209333,-428.070258,950.209333
797,950.539667,-523.617785,950.539667
798,950.539667,-479.465268,950.539667
799,950.539667,-383.699605,950.539667
800,950.539667,-351.037666,950.539667
801,950.539667,-192.083732,950.539667
802,950.539667,-107.885740,950.539667
803,950.539667,-227.786398,950.539667
804,950.539667,-321.857453,950.539667
805,950.539667,-355.739881,950.539667
806,950.539667,-323.439446,950.539667
807,950.539667,-490.613455,950.539667
808,950.539667,-390.115841,950.539667
809,950.539667,-160.092557,950.539667
810,950.539667,-148.246314,950.539667
811,950.539667,-414.590375,950.539667
812,950.539667,-375.574819,950.539667
813,950.539667,-356.228653,950.539667
814,950.539667,-141.998792,950.539667
815,950.539667,-514.846070,950.539667
816,950.539667,-447.078073,950.539667
817,950.539667,-561.740943,950.539667
818,950.539667,-564.699964,950.539667
819,950.539667,-485.574829,950.539667
820,950.539667,-380.899190,950.539667
821,950.539667,-444.860942,950.539667
822,950.539667,-302.009001,950.539667
823,950.539667,-380.501694,950.539667
824,950.539667,-645.643699,950.539667
825,950.626333,-488.445527,950.626333
826,950.626333,-555.982645,950.626333
827,950.626333,-732.909449,950.626333
828,950.626333,-617.249153,950.626333
829,950.626333,-467.754751,950.626333
830,950.626333,-464.650016,950.626333
831,950.626333,-320.741455,950.626333
832,950.626333,-146.409262,950.626333
833,950.626333,124.573154,950.626333
834,950.626333,116.361719,950.626333
835,950.626333,-128.129490,950.626333
836,950.626333,-116.569390,950.626333
837,950.626333,138.511254,950.626333
838,950.626333,101.945341,950.626333
839,950.626333,125.758965,950.626333
840,950.626333,-3.596996,950.626333
841,950.626333,184.410096,950.626333
842,950.626333,-140.098686,950.626333
843,950.626333,61.582807,950.626333
844,950.626333,152.588559,950.626333
845,950.626333,-53.059932,950.626333
846,950.626333,81.478888,950.626333
847,950.626333,-124.403298,950.626333
848,952.105333,-154.612300,952.105333
849,952.105333,-79.332953,952.105333
850,952.105333,-117.565350,952.105333
851,952.105333,-42.920357,952.105333
852,952.105333,81.184440,952.105333
853,952.105333,-155.351424,952.105333
854,952.105333,-167.286533,952.105333
855,952.105333,-172.807592,952.105333
856,952.105333,-135.333557,952.105333
857,952.105333,-192.047016,952.105333
858,952.105333,-215.802943,952.105333
859,952.105333,-120.348629,952.105333
860,952.105333,-7.366572,952.105333
861,952.105333,147.196229,952.105333
862,952.105333,162.150303,952.105333
863,952.105333,-32.279553,952.105333
864,952.105333,19.113193,952.105333
865,952.105333,-29.782247,952.105333
866,952.105333,-36.774592,952.105333
867,952.105333,137.685137,952.105333
868,952.105333,-122.093890,952.105333
869,952.105333,78.918704,952.105333
870,952.105333,64.013610,952.105333
871,952.105333,257.357708,952.105333
872,952.105333,-16.203569,952.105333
873,952.105333,146.238328,952.105333
874,952.105333,99.061535,952.105333
875,952.105333,125.151630,952.105333
876,952.105333,-107.979959,952.105333
877,952.105333,275.668937,952.105333
878,952.105333,53.674914,952.105333
879,952.105333,-77.806212,952.105333
880,952.105333,-159.698805,952.105333
881,952.105333,180.074128,952.105333
882,952.105333,71.072737,952.105333
883,952.105333,154.140656,952.105333
884,952.105333,35.514419,952.105333
885,952.105333,123.558963,952.105333
886,952.105333,2.835894,952.105333
887,952.105333,-95.208669,952.105333
888,952.105333,-135.002961,952.105333
889,952.105333,218.137828,952.105333
890,952.105333,85.278089,952.105333
891,952.105333,129.609131,952.105333
892,952.105333,356.562038,952.105333
893,952.105333,4.565993,952.105333
894,952.105333,16.230480,952.105333
895,952.105333,110.919106,952.105333
896,952.105333,216.315975,952.105333
897,952.253000,78.035951,952.253000
898,952.313667,19.136311,952.313667
899,952.313667,-61.019404,952.313667
900,952.313667,-106.242315,952.313667
901,952.313667,-38.330114,952.313667
902,952.313667,14.653254,952.313667
903,952.313667,-230.775631,952.313667
904,952.313667,7.004154,952.313667
905,952.313667,11.579289,952.313667
906,952.313667,181.039553,952.313667
907,952.313667,116.126253,952.313667
908,952.313667,95.758565,952.313667
909,952.313667,-83.824139,952.313667
910,952.313667,19.884271,952.313667
911,952.313667,78.400992,952.313667
912,952.313667,171.285474,952.313667
913,952.313667,-177.994025,952.313667
914,952.313667,-51.717118,952.313667
915,952.313667,-149.268535,952.313667
916,952.313667,-10.143987,952.313667
917,952.313667,93.250867,952.313667
918,952.313667,-173.024078,952.313667
919,952.313667,-140.412351,952.313667
920,952.313667,45.031006,952.313667
921,952.313667,-164.613611,952.313667
922,952.574667,123.639347,952.574667
923,952.574667,-144.010554,952.574667
924,952.574667,24.966910,952.574667
925,952.574667,-166.567173,952.574667
926,952.574667,-34.849269,952.574667
927,952.574667,144.126056,952.574667
928,952.574667,166.857482,952.574667
929,952.574667,-53.652784,952.574667
930,952.574667,101.484558,952.574667
931,952.574667,-36.598520,952.574667
932,952.574667,-218.661359,952.574667
933,952.574667,-13.605518,952.574667
934,952.574667,116.427803,952.574667
935,952.574667,-5.660520,952.574667
936,952.574667,0.072183,952.574667
937,952.574667,-25.432925,952.574667
938,952.574667,59.472610,952.574667
939,952.574667,218.371463,952.574667
940,952.574667,58.688993,952.574667
941,952.574667,-6.003432,952.574667
942,952.574667,-38.809173,952.574667
943,952.574667,62.679100,952.574667
944,952.574667,169.731480,952.574667
945,952.574667,71.303382,952.574667
946,952.574667,-7.863882,952.574667
947,952.574667,279.485531,952.574667
948,952.574667,-243.866165,952.574667
949,952.574667,194.753931,952.574667
950,952.574667,117.068698,952.574667
951,952.574667,7.372750,952.574667
952,952.574667,224.893140,952.574667
953,952.574667,-157.609052,952.574667
954,952.574667,53.083305,952.574667
955,952.574667,-59.837699,952.574667
956,952.574667,148.845401,952.574667
957,952.574667,81.075398,952.574667
958,952.574667,-209.176951,952.574667
959,952.574667,-41.090486,952.574667
960,952.574667,51.340684,952.574667
961,952.574667,285.561493,952.574667
962,952.574667,117.282649,952.574667
963,952.574667,29.303420,952.574667
964,952.574667,161.974475,952.574667
965,952.868667,111.511085,952.868667
966,952.868667,-35.473967,952.868667
967,952.868667,-4.211227,952.868667
968,952.868667,-474.179439,952.868667
969,952.868667,-382.393466,952.868667
970,952.868667,-423.589889,952.868667
971,952.868667,-398.818513,952.868667
972,952.868667,-390.231822,952.868667
973,952.868667,-339.184706,952.868667
974,952.868667,-463.274533,952.868667
975,952.868667,-307.867025,952.868667
976,952.868667,-435.402235,952.868667
977,952.868667,-160.508185,952.868667
978,952.868667,-351.249098,952.868667
979,952.868667,-561.757750,952.868667
980,952.868667,-528.558769,952.868667
981,952.868667,-529.565363,952.868667
982,952.868667,-427.717635,952.868667
983,952.868667,-476.808732,952.868667
984,952.868667,-294.652591,952.868667
985,952.868667,-362.875202,952.868667
986,952.868667,-312.663891,952.868667
987,952.868667,-449.154889,952.868667
988,952.868667,-619.251192,952.868667
989,952.868667,-683.432930,952.868667
990,952.868667,-380.470148,952.868667
991,952.868667,-409.444199,952.868667
992,952.868667,-431.329058,952.868667
993,952.868667,-264.293335,952.868667
994,952.868667,-394.883404,952.868667
995,952.868667,-129.001136,952.868667
996,952.868667,-266.078111,952.868667
997,952.868667,-420.663281,952.868667
998,952.868667,-476.835160,952.868667
999,952.868667,-242.097447,952.868667
1000,952.868667,-372.646428,952.868667
1001,952.868667,-475.457427,952.868667
1002,952.868667,-383.652599,952.868667
1003,952.868667,-462.544876,952.868667
1004,953.120667,-151.705473,953.120667
1005,953.120667,-504.568127,953.120667
1006,953.120667,-416.719532,953.120667
1007,953.120667,-428.918967,953.120667
1008,953.120667,-454.480285,953.120667
1009,953.120667,-309.894596,953.120667
1010,953.120667,-398.446490,953.120667
1011,953.120667,-417.973414,953.120667
1012,953.120667,-328.808263,953.120667
1013,953.120667,-439.204310,953.120667
1014,953.120667,-414.210934,953.120667
1015,953.120667,-648.589988,953.120667
1016,953.120667,-524.416057,953.120667
1017,953.120667,-479.782610,953.120667
1018,953.120667,-398.065711,953.120667
1019,953.120667,-457.913156,953.120667
1020,953.120667,-590.493423,953.120667
1021,953.120667,-691.728093,953.120667
1022,953.120667,-526.365277,953.120667
1023,953.120667,-444.838803,953.120667
1024,953.120667,-519.321275,953.120667
1025,953.120667,-471.680571,953.120667
1026,953.120667,-310.427241,953.120667
1027,953.120667,-479.150183,953.120667
1028,953.120667,-518.970337,953.120667
1029,953.120667,-596.931124,953.120667
1030,953.120667,-498.959965,953.120667
1031,953.120667,-442.560163,953.120667
1032,953.120667,-396.100244,953.120667
1033,953.120667,-536.954118,953.120667
1034,953.120667,-577.004656,953.120667
1035,953.120667,-517.173867,953.120667
1036,953.120667,-511.780315,953.120667
1037,953.120667,-646.628473,953.120667
1038,953.120667,-340.112276,953.120667
1039,953.120667,-372.290705,953.120667
1040,953.120667,-533.259668,953.120667
1041,953.120667,-208.447689,953.120667
1042,953.120667,-431.841696,953.120667
1043,953.120667,-461.066196,953.120667
1044,953.120667,-324.441743,953.120667
1045,953.120667,-475.912827,953.120667
1046,953.120667,-544.791062,953.120667
1047,953.120667,-550.661131,953.120667
1048,953.120667,-480.904635,953.120667
1049,953.120667,-556.749446,953.120667
1050,953.120667,-195.196622,953.120667
1051,953.120667,-321.484191,953.120667
1052,953.120667,-386.347011,953.120667
1053,953.120667,-413.740853,953.120667
1054,953.120667,-279.093065,953.120667
1055,953.120667,-439.044772,953.120667
1056,953.120667,-276.571674,953.120667
1057,953.120667,-276.766013,953.120667
1058,953.120667,-297.473483,953.120667
1059,953.120667,-377.109949,953.120667
1060,953.120667,-552.194708,953.120667
1061,953.120667,-436.505357,953.120667
1062,953.120667,-574.190572,953.120667
1063,953.120667,-561.240775,953.120667
1064,953.120667,-660.113948,953.120667
1065,953.120667,-660.394095,953.120667
1066,953.120667,-383.734469,953.120667
1067,953.120667,-243.576511,953.120667
1068,953.120667,-206.184079,953.120667
1069,953.120667,-272.773710,953.120667
1070,953.120667,-429.714664,953.120667
1071,953.120667,-475.631829,953.120667
1072,953.120667,-163.135931,953.120667
1073,953.120667,-238.965905,953.120667
1074,953.120667,-409.037053,953.120667
1075,953.120667,-230.734091,953.120667
1076,953.120667,-67.013371,953.120667
1077,953.120667,-272.189568,953.120667
1078,953.120667,-559.360606,953.120667
1079,953.120667,-446.039235,953.120667
1080,953.120667,-580.472339,953.120667
1081,953.120667,-322.052971,953.120667
1082,953.120667,-178.175397,953.120667
1083,953.120667,-628.577227,953.120667
1084,953.120667,-436.442423,953.120667
1085,953.120667,-314.575074,953.120667
1086,953.120667,-492.503675,953.120667
1087,953.120667,-249.325060,953.120667
1088,953.120667,-557.737524,953.120667
1089,953.120667,-229.041494,953.120667
1090,953.120667,-373.876979,953.120667
1091,953.120667,-446.938658,953.120667
1092,953.120667,-664.729662,953.120667
1093,953.120667,-673.287723,953.120667
1094,953.120667,-467.796471,953.120667
1095,953.120667,-649.750343,953.120667
1096,953.120667,-274.021205,953.120667
1097,953.120667,-570.978123,953.120667
1098,953.120667,-503.009353,953.120667
1099,953.120667,-337.154881,953.120667
1100,953.120667,-68.986660,953.120667
1101,953.120667,-332.034320,953.120667
1102,953.120667,-505.426477,953.120667
1103,953.120667,-245.382694,953.120667
1104,953.120667,-543.046061,953.120667
1105,953.120667,-590.869587,953.120667
1106,953.120667,-489.495044,953.120667
1107,953.120667,-464.816034,953.120667
1108,953.120667,-396.443625,953.120667
1109,953.120667,-501.494247,953.120667
1110,953.120667,-400.087759,953.120667
1111,953.120667,-610.627258,953.120667
1112,953.120667,-384.426316,953.120667
1113,953.120667,-180.797820,953.120667
1114,953.120667,-197.843090,953.120667
1115,953.120667,-444.538906,953.120667
1116,953.120667,-471.764049,953.120667
1117,953.120667,-328.572293,953.120667
1118,953.120667,-455.024053,953.120667
1119,953.120667,-430.684401,953.120667
1120,953.120667,-332.429576,953.120667
1121,953.120667,-240.685171,953.120667
1122,953.120667,-262.818218,953.120667
1123,953.120667,-335.719685,953.120667
1124,953.120667,-401.542365,953.120667
1125,953.120667,-400.972696,953.120667
1126,953.120667,-592.764111,953.120667
1127,953.120667,-516.925536,953.120667
1128,953.120667,-414.705585,953.120667
1129,953.120667,-240.379483,953.120667
1130,953.120667,-626.401919,953.120667
1131,953.120667,-541.024985,953.120667
1132,953.120667,-514.810275,953.120667
1133,953.120667,-515.884469,953.120667
1134,953.120667,-526.189212,953.120667
1135,953.482000,-509.603795,953.482000
1136,953.482000,-401.849021,953.482000
1137,953.482000,-454.450789,953.482000
1138,953.482000,-416.174220,953.482000
1139,953.482000,-29.200805,953.482000
1140,953.482000,-407.221885,953.482000
1141,953.482000,-295.115395,953.482000
1142,953.482000,-256.411007,953.482000
1143,953.482000,-175.919451,953.482000
1144,953.482000,-489.393619,953.482000
1145,953.535000,-490.550550,953.535000
1146,953.535000,-499.864334,953.535000
1147,953.535000,-371.253992,953.535000
1148,953.535000,-419.574144,953.535000
1149,953.535000,-449.136519,953.535000
1150,953.535000,-543.211979,953.535000
1151,953.535000,-154.073231,953.535000
1152,953.535000,-83.827496,953.535000
1153,953.535000,-233.349605,953.535000
1154,953.535000,-283.474913,953.535000
1155,953.535000,-373.908600,953.535000
1156,953.535000,-351.904894,953.535000
1157,953.535000,-458.349637,953.535000
1158,953.535000,-363.319704,953.535000
1159,953.535000,-264.413576,953.535000
1160,953.535000,-408.131054,953.535000
1161,953.535000,-313.481165,953.535000
1162,953.535000,-372.631478,953.535000
1163,953.535000,-191.148283,953.535000
1164,953.535000,-300.866199,953.535000
1165,953.535000,-299.826717,953.535000
1166,953.535000,-378.271391,953.535000
1167,953.646667,-400.556200,953.646667
1168,953.646667,-358.415424,953.646667
1169,953.646667,-184.453293,953.646667
1170,953.646667,-324.300881,953.646667
1171,953.651000,-401.817905,953.651000
1172,953.651000,-456.306469,953.651000
1173,953.651000,-470.871593,953.651000
1174,953.651000,-436.274584,953.651000
1175,953.651000,-402.766431,953.651000
1176,953.651000,-292.992293,953.651000
1177,953.913000,-362.199153,953.913000
1178,953.913000,-309.658111,953.913000
1179,953.913000,-540.311667,953.913000
1180,953.913000,-478.634090,953.913000
1181,953.913000,-268.749815,953.913000
1182,953.913000,-195.064759,953.913000
1183,953.913000,-390.321847,953.913000
1184,953.913000,-408.925520,953.913000
1185,953.913000,-379.009330,953.913000
1186,953.913000,-431.524924,953.913000
1187,953.913000,-318.360787,953.913000
1188,953.913000,-554.520791,953.913000
1189,953.913000,-322.316963,953.913000
1190,953.913000,-289.125635,953.913000
1191,954.234333,-131.988643,954.234333
1192,954.234333,-236.052403,954.234333
1193,954.234333,-204.998371,954.234333
1194,954.234333,-393.239211,954.234333
1195,954.234333,-393.511855,954.234333
1196,954.234333,-175.886740,954.234333
1197,954.234333,-319.131458,954.234333
1198,954.234333,-41.679019,954.234333
1199,954.234333,-222.102931,954.234333
1200,954.234333,-201.093526,954.234333
1201,954.234333,-243.474808,954.234333
1202,954.234333,-251.640915,954.234333
1203,954.234333,-282.288247,954.234333
1204,954.234333,-318.012545,954.234333
1205,954.234333,-227.925624,954.234333
1206,954.234333,-267.015267,954.234333
1207,954.234333,-277.803448,954.234333
1208,954.234333,-503.586069,954.234333
1209,954.234333,-490.391043,954.234333
1210,954.234333,-486.958482,954.234333
1211,954.234333,-359.851303,954.234333
1212,954.234333,-442.121489,954.234333
1213,954.234333,-224.682444,954.234333
1214,954.234333,-271.646064,954.234333
1215,954.234333,-286.397886,954.234333
1216,954.234333,-225.662700,954.234333
1217,954.234333,-162.026170,954.234333
1218,954.234333,-219.786643,954.234333
1219,954.234333,-311.050614,954.234333
1220,954.234333,-180.112473,954.234333
1221,954.234333,-183.701073,954.234333
1222,954.234333,-318.081937,954.234333
1223,954.234333,-375.005782,954.234333
1224,954.234333,-403.392073,954.234333
1225,954.234333,-311.980321,954.234333
1226,954.234333,-311.051761,954.234333
1227,954.234333,-207.864487,954.234333
1228,954.234333,-507.044325,954.234333
1229,954.234333,-437.313669,954.234333
1230,954.234333,-338.257299,954.234333
1231,954.234333,-350.855627,954.234333
1232,954.234333,-332.731516,954.234333
1233,954.234333,-327.618781,954.234333
1234,954.234333,-459.585991,954.234333
1235,954.234333,-405.610295,954.234333
1236,954.234333,-357.514983,954.234333
1237,954.234333,-16.568650,954.234333
1238,954.234333,-357.050410,954.234333
1239,954.234333,-468.914754,954.234333
1240,954.234333,-314.355349,954.234333
1241,954.234333,-271.960188,954.234333
1242,954.234333,-368.507269,954.234333
1243,954.234333,-304.524333,954.234333
1244,954.234333,-519.090938,954.234333
1245,954.234333,-415.108007,954.234333
1246,954.234333,-285.135107,954.234333
1247,954.234333,-237.371706,954.234333
1248,954.234333,-311.064060,954.234333
1249,954.234333,-497.329486,954.234333
1250,954.234333,-528.838086,954.234333
1251,954.234333,-340.839871,954.234333
1252,954.234333,-344.231156,954.234333
1253,954.234333,-336.218571,954.234333
1254,954.234333,-406.962246,954.234333
1255,954.234333,-281.222888,954.234333
1256,954.234333,39.256845,954.234333
1257,954.234333,-150.779618,954.234333
1258,954.234333,-416.200435,954.234333
1259,954.234333,-128.802306,954.234333
1260,954.234333,-57.789676,954.234333
1261,954.234333,-129.779447,954.234333
1262,954.234333,-342.531745,954.234333
1263,954.234333,-372.810307,954.234333
1264,954.234333,-342.328175,954.234333
1265,954.234333,-244.593514,954.234333
1266,954.234333,-187.854007,954.234333
1267,954.234333,-412.595774,954.234333
1268,954.234333,-320.532258,954.234333
1269,954.569000,-183.107811,954.569000
1270,954.569000,-263.325852,954.569000
1271,954.569000,-305.239000,954.569000
1272,954.569000,-453.835430,954.569000
1273,954.569000,-223.091920,954.569000
1274,954.569000,-548.068673,954.569000
1275,954.569000,-374.278763,954.569000
1276,954.569000,-466.687562,954.569000
1277,954.569000,-477.604819,954.569000
1278,954.569000,-537.680766,954.569000
1279,954.569000,-346.942941,954.569000
1280,954.569000,-417.340451,954.569000
1281,954.569000,-290.105086,954.569000
1282,954.569000,-335.719483,954.569000
1283,954.569000,-385.742979,954.569000
1284,954.569000,-241.076254,954.569000
1285,954.569000,-232.456847,954.569000
1286,954.569000,-342.263450,954.569000
1287,954.569000,-428.441620,954.569000
1288,954.569000,-432.129098,954.569000
1289,954.569000,-523.581140,954.569000
1290,954.569000,-362.306133,954.569000
1291,954.569000,-537.178684,954.569000
1292,954.569000,-297.770078,954.569000
1293,954.569000,-205.623844,954.569000
1294,954.569000,-199.093953,954.569000
1295,954.569000,-155.914526,954.569000
1296,954.569000,-277.369334,954.569000
1297,954.569000,-391.412515,954.569000
1298,954.569000,-462.592728,954.569000
1299,954.569000,-385.349914,954.569000
1300,954.569000,-390.802582,954.569000
1301,954.569000,-266.947629,954.569000
1302,954.569000,-351.366243,954.569000
1303,954.569000,-275.122837,954.569000
1304,954.569000,-345.310975,954.569000
1305,954.569000,-342.457332,954.569000
1306,954.569000,-216.390066,954.569000
1307,954.569000,-265.893040,954.569000
1308,954.569000,-373.658394,954.569000
1309,954.569000,-261.022517,954.569000
1310,954.569000,-197.396760,954.569000
1311,954.569000,-151.293747,954.569000
1312,954.569000,-253.154421,954.569000
1313,954.569000,-310.056935,954.569000
1314,954.569000,-286.355442,954.569000
1315,954.569000,-388.003649,954.569000
1316,954.569000,-375.442999,954.569000
1317,954.569000,-153.228675,954.569000
1318,954.569000,-334.283221,954.569000
1319,954.569000,-394.601664,954.569000
1320,954.569000,-274.976534,954.569000
1321,954.569000,-280.206686,954.569000
1322,954.569000,-495.800285,954.569000
1323,954.569000,-420.223891,954.569000
1324,954.569000,-424.036982,954.569000
1325,954.569000,-458.980854,954.569000
1326,954.569000,-251.555769,954.569000
1327,954.569000,-134.801514,954.569000
1328,954.569000,-171.543513,954.569000
1329,954.569000,-336.542241,954.569000
1330,954.569000,-424.354091,954.569000
1331,954.569000,-407.406390,954.569000
1332,954.569000,-263.960371,954.569000
1333,954.569000,-295.708725,954.569000
1334,954.569000,-268.035196,954.569000
1335,954.569000,-448.542625,954.569000
1336,954.569000,-440.307837,954.569000
1337,954.569000,-460.878018,954.569000
1338,954.569000,-212.618938,954.569000
1339,954.569000,-287.970363,954.569000
1340,954.569000,-16.695855,954.569000
1341,954.569000,-381.724778,954.569000
1342,954.569000,-326.869604,954.569000
1343,954.569000,-535.271809,954.569000
1344,954.569000,-451.020018,954.569000
1345,954.569000,-517.250611,954.569000
1346,954.569000,-378.046004,954.569000
1347,954.569000,-548.338703,954.569000
1348,954.569000,-473.707831,954.569000
1349,954.569000,-572.416151,954.569000
1350,954.569000,-356.535715,954.569000
1351,954.569000,-499.835700,954.569000
1352,954.569000,-298.658449,954.569000
1353,954.569000,-380.273423,954.569000
1354,954.569000,-386.012289,954.569000
1355,954.569000,-122.734731,954.569000
1356,954.569000,-296.454049,954.569000
1357,954.569000,-39.863997,954.569000
1358,954.569000,-292.629324,954.569000
1359,954.569000,-189.363113,954.569000
1360,954.569000,-367.146596,954.569000
1361,954.569000,-416.111460,954.569000
1362,954.569000,-370.926595,954.569000
1363,954.569000,-423.801861,954.569000
1364,954.569000,-382.333306,954.569000
1365,954.569000,-503.563986,954.569000
1366,954.569000,-384.486501,954.569000
1367,954.569000,-460.372281,954.569000
1368,954.569000,-320.446749,954.569000
1369,954.569000,-208.277006,954.569000
1370,954.569000,-271.497416,954.569000
1371,954.569000,-283.496158,954.569000
1372,954.569000,-258.324280,954.569000
1373,954.569000,-171.906435,954.569000
1374,954.569000,-440.643651,954.569000
1375,954.569000,-209.843844,954.569000
1376,954.569000,-127.271156,954.569000
1377,954.641333,-228.747098,954.641333
1378,954.641333,-291.035400,954.641333
1379,954.641333,-337.853074,954.641333
1380,954.641333,-404.784781,954.641333
1381,954.641333,-480.229987,954.641333
1382,954.641333,-460.918418,954.641333
1383,954.641333,-234.020781,954.641333
1384,954.641333,-423.852411,954.641333
1385,954.641333,-225.672192,954.641333
1386,954.641333,-215.906475,954.641333
1387,954.641333,-457.093361,954.641333
1388,954.641333,-324.607794,954.641333
1389,954.641333,-266.212635,954.641333
1390,954.641333,-505.273728,954.641333
1391,954.641333,-520.005933,954.641333
1392,954.641333,-554.335214,954.641333
1393,954.641333,-556.963741,954.641333
1394,954.641333,-610.205990,954.641333
1395,954.641333,-477.267987,954.641333
1396,954.641333,-355.348594,954.641333
1397,954.641333,-441.487013,954.641333
1398,954.641333,-141.243130,954.641333
1399,954.641333,-291.715040,954.641333
1400,954.641333,-490.208088,954.641333
1401,954.641333,-383.551734,954.641333
1402,954.641333,-449.832923,954.641333
1403,954.641333,-355.824651,954.641333
1404,954.641333,-323.411485,954.641333
1405,954.641333,-289.058515,954.641333
1406,954.641333,-242.592535,954.641333
1407,954.641333,-249.786930,954.641333
1408,954.641333,-322.686198,954.641333
1409,954.641333,-287.759166,954.641333
1410,954.641333,-478.556754,954.641333
1411,954.641333,-399.662709,954.641333
1412,954.641333,-447.978853,954.641333
1413,954.641333,-432.863953,954.641333
1414,954.641333,-448.821355,954.641333
1415,954.641333,-458.380784,954.641333
1416,954.641333,-235.724138,954.641333
1417,954.641333,-492.063338,954.641333
1418,954.641333,-430.958553,954.641333
1419,954.641333,-442.520063,954.641333
1420,954.641333,-593.830099,954.641333
1421,954.641333,-544.644710,954.641333
1422,954.641333,-535.641474,954.641333
1423,954.641333,-321.219918,954.641333
1424,954.641333,-162.045941,954.641333
1425,954.641333,-472.673790,954.641333
1426,954.641333,-433.932691,954.641333
1427,954.641333,-420.011775,954.641333
1428,954.641333,-541.218028,954.641333
1429,954.641333,-618.419217,954.641333
1430,954.641333,-379.577153,954.641333
1431,954.641333,-463.398527,954.641333
1432,954.641333,-328.348999,954.641333
1433,954.641333,-416.889877,954.641333
1434,954.641333,-499.171681,954.641333
1435,954.641333,-578.947116,954.641333
1436,954.641333,-597.284696,954.641333
1437,954.641333,-468.340280,954.641333
1438,954.641333,-385.701961,954.641333
1439,954.641333,-56.883759,954.641333
1440,954.641333,-327.885372,954.641333
1441,954.641333,-355.440694,954.641333
1442,954.641333,-545.441638,954.641333
1443,954.641333,-305.115087,954.641333
1444,954.641333,-467.814499,954.641333
1445,954.641333,-560.744939,954.641333
1446,954.641333,-323.539341,954.641333
1447,954.641333,-473.718655,954.641333
1448,954.641333,-389.116848,954.641333
1449,954.641333,-206.526469,954.641333
1450,954.641333,-267.291352,954.641333
1451,954.641333,-331.127136,954.641333
1452,954.641333,-515.124808,954.641333
1453,954.641333,-636.197505,954.641333
1454,954.641333,-614.325607,954.641333
1455,954.641333,-414.369684,954.641333
1456,954.641333,-392.768521,954.641333
1457,954.641333,-468.739914,954.641333
1458,954.641333,-484.752956,954.641333
1459,954.641333,-543.915365,954.641333
1460,954.641333,-250.247820,954.641333
1461,954.641333,-73.756709,954.641333
1462,954.641333,-410.812844,954.641333
1463,954.641333,-414.378435,954.641333
1464,954.641333,-499.701676,954.641333
1465,954.641333,-175.000450,954.641333
1466,954.926333,-225.628207,954.926333
1467,954.926333,-308.858373,954.926333
1468,954.926333,-314.424006,954.926333
1469,954.926333,-199.085533,954.926333
1470,954.926333,-339.807258,954.926333
1471,954.926333,-371.038119,954.926333
1472,954.926333,-404.462292,954.926333
1473,954.926333,-304.399487,954.926333
1474,954.926333,-265.043945,954.926333
1475,954.926333,-422.781015,954.926333
1476,954.926333,-483.115768,954.926333
1477,954.926333,-412.299201,954.926333
1478,954.926333,-337.215908,954.926333
1479,954.926333,-295.189157,954.926333
1480,954.926333,-494.093023,954.926333
1481,954.926333,-311.958302,954.926333
1482,954.926333,-455.450026,954.926333
1483,954.926333,-255.018401,954.926333
1484,954.926333,-481.037014,954.926333
1485,954.926333,-510.983536,954.926333
1486,954.926333,-387.165641,954.926333
1487,954.926333,-437.610909,954.926333
1488,954.926333,-356.796045,954.926333
1489,954.926333,-437.131666,954.926333
1490,954.926333,-440.050104,954.926333
1491,954.926333,-411.300047,954.926333
1492,954.926333,-348.196921,954.926333
1493,954.926333,-344.261201,954.926333
1494,954.926333,-299.364412,954.926333
1495,954.926333,-188.685427,954.926333
1496,954.926333,-438.286223,954.926333
1497,954.926333,-488.935636,954.926333
1498,954.926333,-478.148119,954.926333
1499,954.926333,-376.345918,954.926333
1500,954.926333,-310.537755,954.926333
1501,954.926333,-558.913928,954.926333
1502,954.926333,-381.589886,954.926333
1503,954.926333,-304.694240,954.926333
1504,954.926333,-463.366118,954.926333
1505,954.926333,-503.192951,954.926333
1506,954.926333,-431.426909,954.926333
1507,954.926333,-312.987417,954.926333
1508,954.926333,-415.765512,954.926333
1509,954.926333,-300.349356,954.926333
1510,954.926333,-219.619669,954.926333
1511,954.926333,-297.979814,954.926333
1512,954.926333,-377.200997,954.926333
1513,954.926333,-277.662871,954.926333
1514,954.926333,-348.327483,954.926333
1515,954.926333,-344.932646,954.926333
1516,954.926333,-491.689402,954.926333
1517,954.926333,-421.697541,954.926333
1518,954.926333,-460.753846,954.926333
1519,954.926333,-360.449354,954.926333
1520,955.143000,-376.576973,955.143000
1521,955.143000,-472.008047,955.143000
1522,955.143000,-479.706664,955.143000
1523,955.143000,-402.073118,955.143000
1524,955.143000,-527.774348,955.143000
1525,955.143000,-586.809050,955.143000
1526,955.143000,-439.323671,955.143000
1527,955.143000,-491.958756,955.143000
1528,955.143000,-327.945096,955.143000
1529,955.143000,-262.332949,955.143000
1530,955.143000,-385.537655,955.143000
1531,955.143000,-501.028713,955.143000
1532,955.143000,-146.968480,955.143000
1533,955.143000,-365.205859,955.143000
1534,955.143000,-355.926256,955.143000
1535,955.143000,-413.110516,955.143000
1536,955.143000,-97.677070,955.143000
1537,955.143000,-226.782998,955.143000
1538,955.143000,-481.410603,955.143000
1539,955.143000,-400.650687,955.143000
1540,955.143000,-381.571783,955.143000
1541,955.143000,-361.473277,955.143000
1542,955.143000,-426.226913,955.143000
1543,955.143000,-324.763934,955.143000
1544,955.143000,-400.241672,955.143000
1545,955.143000,-334.166363,955.143000
1546,955.143000,-458.668019,955.143000
1547,955.143000,-469.071091,955.143000
1548,955.143000,-503.386386,955.143000
1549,955.143000,-442.526793,955.143000
1550,955.143000,-508.037224,955.143000
1551,955.143000,-454.055711,955.143000
1552,955.143000,-197.061307,955.143000
1553,955.143000,-600.535131,955.143000
1554,955.143000,-594.299595,955.143000
1555,955.143000,-530.464113,955.143000
1556,955.143000,-508.690574,955.143000
1557,955.143000,-319.668185,955.143000
1558,955.143000,-531.762172,955.143000
1559,955.143000,-295.036655,955.143000
1560,955.143000,-274.724674,955.143000
1561,955.143000,-379.392853,955.143000
1562,955.143000,-314.450586,955.143000
1563,955.143000,-430.254602,955.143000
1564,955.143000,-394.950207,955.143000
1565,955.143000,-425.930938,955.143000
1566,955.143000,-477.589713,955.143000
1567,955.143000,-313.400656,955.143000
1568,955.143000,-270.818315,955.143000
1569,955.143000,-528.574428,955.143000
1570,955.143000,-315.797226,955.143000
1571,955.143000,-407.785180,955.143000
1572,955.143000,-408.166710,955.143000
1573,955.143000,-442.570767,955.143000
1574,955.143000,-391.941080,955.143000
1575,955.143000,-330.706191,955.143000
1576,955.143000,-312.079788,955.143000
1577,955.143000,-426.179836,955.143000
1578,955.143000,-320.306030,955.143000
1579,955.143000,-261.705540,955.143000
1580,955.143000,-246.955432,955.143000
1581,955.143000,-273.669225,955.143000
1582,955.143000,-126.170762,955.143000
1583,955.143000,-341.972886,955.143000
1584,955.143000,-440.540750,955.143000
1585,955.143000,-250.771805,955.143000
1586,955.143000,-280.144278,955.143000
1587,955.143000,-275.240022,955.143000
1588,955.143000,-432.308312,955.143000
1589,955.143000,-438.310975,955.143000
1590,955.143000,-216.850429,955.143000
1591,955.143000,-242.488833,955.143000
1592,955.143000,-93.261557,955.143000
1593,955.143000,-421.841591,955.143000
1594,955.143000,-369.654671,955.143000
1595,955.143000,-489.239214,955.143000
1596,955.143000,-490.795219,955.143000
1597,955.143000,-329.509735,955.143000
1598,955.143000,-368.494063,955.143000
1599,955.143000,-317.019533,955.143000
1600,955.143000,-306.258217,955.143000
1601,955.143000,-148.961842,955.143000
1602,955.143000,-304.721839,955.143000
1603,955.143000,-301.400574,955.143000
1604,955.143000,-453.190161,955.143000
1605,955.143000,-465.074101,955.143000
1606,955.143000,-500.923289,955.143000
1607,955.143000,-516.535221,955.143000
1608,955.391333,-353.984367,955.391333
1609,955.391333,-395.087755,955.391333
1610,955.391333,-227.585818,955.391333
1611,955.391333,-546.629006,955.391333
1612,955.391333,-519.083975,955.391333
1613,955.391333,-454.093904,955.391333
1614,955.391333,-444.519150,955.391333
1615,955.391333,-333.965330,955.391333
1616,955.391333,-586.431293,955.391333
1617,955.391333,-421.875121,955.391333
1618,955.391333,-520.427860,955.391333
1619,955.391333,-368.062747,955.391333
1620,955.391333,-565.839717,955.391333
1621,955.391333,-533.551212,955.391333
1622,955.391333,-484.694029,955.391333
1623,955.391333,-389.730266,955.391333
1624,955.391333,-423.296898,955.391333
1625,955.391333,-511.641212,955.391333
1626,955.391333,-456.663500,955.391333
1627,955.391333,-643.673628,955.391333
1628,955.391333,-449.024181,955.391333
1629,955.391333,-537.641985,955.391333
1630,955.391333,-380.304791,955.391333
1631,955.391333,-384.659146,955.391333
1632,955.391333,-525.668652,955.391333
1633,955.391333,-642.174941,955.391333
1634,955.391333,-457.214735,955.391333
1635,955.391333,-345.255299,955.391333
1636,955.391333,-209.121177,955.391333
1637,955.391333,-348.957244,955.391333
1638,955.391333,-489.450352,955.391333
1639,955.391333,-395.633542,955.391333
1640,955.391333,-175.374774,955.391333
1641,955.391333,-463.375907,955.391333
1642,955.391333,-465.796631,955.391333
1643,955.391333,-541.275434,955.391333
1644,955.391333,-227.121906,955.391333
1645,955.391333,-510.270935,955.391333
1646,955.391333,-334.468960,955.391333
1647,955.391333,-542.535252,955.391333
1648,955.391333,-443.688014,955.391333
1649,955.391333,-320.471765,955.391333
1650,955.391333,-355.884763,955.391333
1651,955.391333,-392.138677,955.391333
1652,955.391333,-435.586560,955.391333
1653,955.391333,-166.520079,955.391333
1654,955.391333,-499.582498,955.391333
1655,955.391333,-330.675654,955.391333
1656,955.391333,-344.090785,955.391333
1657,955.391333,-373.543686,955.391333
1658,955.664667,-366.062713,955.664667
1659,955.664667,-132.229447,955.664667
1660,955.664667,-369.256438,955.664667
1661,955.664667,-297.128862,955.664667
1662,955.664667,-405.124433,955.664667
1663,955.664667,-354.609255,955.664667
1664,955.664667,-466.893415,955.664667
1665,955.664667,-582.140828,955.664667
1666,955.664667,-450.383848,955.664667
1667,955.664667,-303.342528,955.664667
1668,955.664667,-245.417657,955.664667
1669,955.664667,-330.089961,955.664667
1670,955.664667,-354.265741,955.664667
1671,955.664667,-436.653974,955.664667
1672,955.664667,-439.895280,955.664667
1673,955.664667,-569.869373,955.664667
1674,955.664667,-479.376621,955.664667
1675,955.664667,-414.811571,955.664667
1676,955.664667,-192.876264,955.664667
1677,955.664667,-394.355848,955.664667
1678,955.664667,-452.685881,955.664667
1679,955.664667,-303.160385,955.664667
1680,955.664667,-545.847977,955.664667
1681,955.664667,-550.903608,955.664667
1682,955.664667,-336.665655,955.664667
1683,955.664667,-354.895625,955.664667
1684,955.664667,-469.911538,955.664667
1685,955.664667,-583.470776,955.664667
1686,955.664667,-533.839871,955.664667
1687,955.664667,-390.782839,955.664667
1688,955.664667,-390.738707,955.664667
1689,955.664667,-302.940149,955.664667
1690,955.664667,-276.580623,955.664667
1691,955.664667,-384.838866,955.664667
1692,956.366333,-424.235143,956.366333
1693,956.366333,-372.323297,956.366333
1694,956.366333,-330.245076,956.366333
1695,956.366333,-329.313641,956.366333
1696,956.366333,-552.882737,956.366333
1697,956.366333,-426.696877,956.366333
1698,956.366333,-466.436406,956.366333
1699,956.366333,-323.284356,956.366333
1700,956.366333,-561.691942,956.366333
1701,956.366333,-560.279937,956.366333
1702,956.366333,-413.319909,956.366333
1703,956.366333,-366.089640,956.366333
1704,956.366333,-366.449424,956.366333
1705,956.366333,-287.903208,956.366333
1706,956.366333,-287.186562,956.366333
1707,956.366333,-460.748187,956.366333
1708,956.366333,-404.699375,956.366333
1709,956.366333,-226.567369,956.366333
1710,956.366333,-81.017430,956.366333
1711,956.366333,-303.097620,956.366333
1712,956.366333,-63.867993,956.366333
1713,956.366333,-454.742799,956.366333
1714,956.366333,-374.819342,956.366333
1715,956.366333,-375.789759,956.366333
1716,956.366333,-492.923728,956.366333
1717,956.366333,-406.467202,956.366333
1718,956.366333,-266.768430,956.366333
1719,956.366333,-350.303502,956.366333
1720,956.366333,-399.458098,956.366333
1721,956.366333,-467.278031,956.366333
1722,956.366333,-495.292549,956.366333
1723,956.366333,-376.526234,956.366333
1724,956.366333,-475.911307,956.366333
1725,956.366333,-521.580469,956.366333
1726,956.366333,-382.082877,956.366333
1727,956.366333,-303.473494,956.366333
1728,956.366333,-32.597317,956.366333
1729,956.366333,-317.972117,956.366333
1730,956.366333,-101.249194,956.366333
1731,956.366333,-526.575273,956.366333
1732,956.366333,-326.704358,956.366333
1733,956.366333,-414.643960,956.366333
1734,956.366333,-388.385990,956.366333
1735,956.366333,-376.167637,956.366333
1736,956.366333,-185.651637,956.366333
1737,956.366333,-312.888905,956.366333
1738,956.366333,-362.945971,956.366333
1739,956.366333,-440.419574,956.366333
1740,956.366333,-464.151279,956.366333
1741,956.366333,-486.543491,956.366333
1742,956.366333,-528.199941,956.366333
1743,956.366333,-508.476806,956.366333
1744,956.366333,-452.532449,956.366333
1745,956.366333,-621.487641,956.366333
1746,956.366333,-436.201175,956.366333
1747,956.366333,-511.525288,956.366333
1748,956.366333,-459.809769,956.366333
1749,956.366333,-403.677692,956.366333
1750,956.366333,-530.452924,956.366333
1751,956.366333,-513.490264,956.366333
1752,956.366333,-311.542909,956.366333
1753,956.366333,-402.070119,956.366333
1754,956.366333,-431.809005,956.366333
1755,956.366333,-495.784137,956.366333
1756,956.366333,-405.206788,956.366333
1757,956.366333,-378.270650,956.366333
1758,956.366333,-474.949183,956.366333
1759,956.366333,-306.573250,956.366333
1760,956.366333,-229.477410,956.366333
1761,956.366333,-295.258442,956.366333
1762,956.366333,-177.996617,956.366333
1763,956.366333,-512.061304,956.366333
1764,956.366333,-492.604680,956.366333
1765,956.366333,-450.744055,956.366333
1766,956.366333,-459.257543,956.366333
1767,956.366333,-424.192421,956.366333
1768,956.366333,-229.230668,956.366333
1769,956.366333,-387.650434,956.366333
1770,956.366333,-296.683619,956.366333
1771,956.366333,-237.515949,956.366333
1772,956.366333,-263.372183,956.366333
1773,956.366333,-387.749519,956.366333
1774,956.366333,-442.151839,956.366333
1775,956.366333,-523.376511,956.366333
1776,956.366333,-391.290940,956.366333
1777,956.366333,-595.403107,956.366333
1778,956.366333,-584.143931,956.366333
1779,956.366333,-492.350212,956.366333
1780,956.366333,-348.234740,956.366333
1781,956.366333,-269.082031,956.366333
1782,956.366333,-250.736252,956.366333
1783,956.366333,-156.799022,956.366333
1784,956.366333,-293.200897,956.366333
1785,956.366333,-401.375916,956.366333
1786,956.366333,-419.078068,956.366333
1787,956.366333,-506.227649,956.366333
1788,956.366333,-518.999212,956.366333
1789,956.366333,-613.211781,956.366333
1790,956.366333,-475.760284,956.366333
1791,956.366333,-419.396220,956.366333
1792,956.366333,-412.471043,956.366333
1793,956.366333,-297.633240,956.366333
1794,956.366333,-227.176978,956.366333
1795,956.366333,-184.019465,956.366333
1796,956.366333,-303.870330,956.366333
1797,956.366333,-496.893644,956.366333
1798,956.366333,-415.544646,956.366333
1799,956.366333,-387.362259,956.366333
1800,956.366333,-462.306524,956.366333
1801,956.366333,-331.451692,956.366333
1802,956.366333,-343.835101,956.366333
1803,956.366333,-610.382722,956.366333
1804,956.366333,-328.560167,956.366333
1805,956.366333,-185.556592,956.366333
1806,956.366333,-314.016781,956.366333
1807,956.366333,-162.585945,956.366333
1808,956.366333,-43.557995,956.366333
1809,956.366333,-327.075638,956.366333
1810,956.366333,-294.708389,956.366333
1811,956.366333,-270.303834,956.366333
1812,956.366333,-268.704951,956.366333
1813,956.366333,-394.073737,956.366333
1814,956.366333,-437.289351,956.366333
1815,956.366333,-455.066602,956.366333
1816,956.366333,-360.373283,956.366333
1817,956.366333,-393.472661,956.366333
1818,956.366333,-508.971692,956.366333
1819,956.366333,-389.567353,956.366333
1820,956.366333,-417.609582,956.366333
1821,956.366333,-443.913361,956.366333
1822,956.366333,-274.523875,956.366333
1823,956.366333,-454.927270,956.366333
1824,956.366333,-409.161945,956.366333
1825,956.366333,-460.346130,956.366333
1826,956.366333,-319.768999,956.366333
1827,956.366333,-234.509193,956.366333
1828,956.366333,-403.473453,956.366333
1829,956.366333,-378.770213,956.366333
1830,956.366333,-369.887524,956.366333
1831,956.366333,-218.269741,956.366333
1832,956.366333,-334.605774,956.366333
1833,956.366333,-451.304827,956.366333
1834,956.366333,-261.757908,956.366333
1835,956.366333,-423.754467,956.366333
1836,956.366333,-434.319072,956.366333
1837,956.366333,-417.507609,956.366333
1838,956.366333,-363.872544,956.366333
1839,956.366333,-354.550312,956.366333
1840,956.366333,-346.988331,956.366333
1841,956.366333,-503.115902,956.366333
1842,956.366333,-297.503672,956.366333
1843,956.366333,-175.611251,956.366333
1844,956.366333,-131.647238,956.366333
1845,956.366333,-451.590265,956.366333
1846,956.366333,-310.431056,956.366333
1847,956.366333,-431.147107,956.366333
1848,956.366333,-307.348571,956.366333
1849,956.366333,-223.969646,956.366333
1850,956.366333,-380.842303,956.366333
1851,956.366333,-457.991161,956.366333
1852,956.366333,-357.237987,956.366333
1853,956.366333,-198.608897,956.366333
1854,956.366333,-265.209227,956.366333
1855,956.366333,-276.793373,956.366333
1856,956.366333,-361.970180,956.366333
1857,956.366333,-569.234099,956.366333
1858,956.366333,-567.065505,956.366333
1859,956.366333,-414.923413,956.366333
1860,956.366333,-524.012628,956.366333
1861,956.366333,-554.089375,956.366333
1862,956.366333,-515.738770,956.366333
1863,956.366333,-355.725495,956.366333
1864,956.366333,-370.896305,956.366333
1865,956.366333,-382.691747,956.366333
1866,956.366333,-267.906092,956.366333
1867,956.366333,-159.290388,956.366333
1868,956.366333,-237.099967,956.366333
1869,956.366333,-366.031793,956.366333
1870,956.366333,-567.934435,956.366333
1871,956.366333,-365.372778,956.366333
1872,956.366333,-382.635978,956.366333
1873,956.366333,-442.226728,956.366333
1874,956.366333,-402.944507,956.366333
1875,956.366333,-508.430637,956.366333
1876,956.366333,-541.330760,956.366333
1877,956.366333,-488.663707,956.366333
1878,956.366333,-325.591090,956.366333
1879,956.366333,-502.193563,956.366333
1880,956.366333,-478.925903,956.366333
1881,956.366333,-385.306567,956.366333
1882,956.366333,-529.678375,956.366333
1883,956.366333,-509.278875,956.366333
1884,956.366333,-425.244524,956.366333
1885,956.366333,-441.093372,956.366333
1886,956.366333,-276.362969,956.366333
1887,956.366333,-358.772342,956.366333
1888,956.366333,-482.938695,956.366333
1889,956.366333,-478.836936,956.366333
1890,956.366333,-495.036378,956.366333
1891,956.366333,-306.685597,956.366333
1892,956.366333,-525.224475,956.366333
1893,956.366333,-377.424969,956.366333
1894,956.366333,-304.328169,956.366333
1895,956.366333,-445.821742,956.366333
1896,956.366333,-514.164359,956.366333
1897,956.366333,-445.544673,956.366333
1898,956.366333,-272.073211,956.366333
1899,956.366333,-162.679024,956.366333
1900,956.366333,-267.237380,956.366333
1901,956.366333,-345.240551,956.366333
1902,956.366333,-364.370052,956.366333
1903,956.366333,-469.301864,956.366333
1904,956.366333,-423.276730,956.366333
1905,956.366333,-400.663985,956.366333
1906,956.366333,-357.179370,956.366333
1907,956.366333,-458.723010,956.366333
1908,956.366333,-303.572849,956.366333
1909,956.366333,-359.653165,956.366333
1910,956.366333,-370.785246,956.366333
1911,956.366333,-319.249998,956.366333
1912,956.366333,-378.064485,956.366333
1913,956.366333,-270.363949,956.366333
1914,956.366333,-297.743505,956.366333
1915,956.366333,-192.380089,956.366333
1916,956.366333,-503.681447,956.366333
1917,956.366333,-597.293770,956.366333
1918,956.366333,-473.666461,956.366333
1919,956.366333,-524.332995,956.366333
1920,956.366333,-365.166267,956.366333
1921,956.366333,-486.323532,956.366333
1922,956.366333,-431.412737,956.366333
1923,956.366333,-506.616959,956.366333
1924,956.366333,-440.377607,956.366333
1925,956.366333,-384.925951,956.366333
1926,956.366333,-471.236103,956.366333
1927,956.366333,-328.188413,956.366333
1928,956.366333,-452.618545,956.366333
1929,956.366333,-411.373228,956.366333
1930,956.366333,-331.577964,956.366333
1931,956.366333,-265.802791,956.366333
1932,956.366333,-432.667999,956.366333
1933,956.366333,-327.961426,956.366333
1934,956.366333,-337.234766,956.366333
1935,956.366333,-323.508652,956.366333
1936,956.366333,-342.260028,956.366333
1937,956.366333,-474.888105,956.366333
1938,956.366333,-462.792409,956.366333
1939,956.366333,-243.976207,956.366333
1940,956.366333,-244.855292,956.366333
1941,956.366333,-241.648657,956.366333
1942,956.366333,-399.761298,956.366333
1943,956.366333,-413.793929,956.366333
1944,956.366333,-403.805675,956.366333
1945,956.366333,-431.462893,956.366333
1946,956.366333,-394.857397,956.366333
1947,956.366333,-429.339112,956.366333
1948,956.366333,-391.988714,956.366333
1949,956.366333,-423.719827,956.366333
1950,956.366333,-357.419052,956.366333
1951,956.366333,-155.586188,956.366333
1952,956.366333,-428.323375,956.366333
1953,956.366333,-449.424961,956.366333
1954,956.366333,-335.100158,956.366333
1955,956.366333,-353.732120,956.366333
1956,956.366333,-408.166351,956.366333
1957,956.366333,-193.986077,956.366333
1958,956.366333,-412.375488,956.366333
1959,956.366333,-332.643500,956.366333
1960,956.366333,-338.811795,956.366333
1961,956.366333,-565.917096,956.366333
1962,956.366333,-517.689646,956.366333
1963,956.366333,-606.931062,956.366333
1964,956.366333,-536.180485,956.366333
1965,956.366333,-571.064276,956.366333
1966,956.366333,-552.683296,956.366333
1967,956.366333,-519.243670,956.366333
1968,956.366333,-141.150051,956.366333
1969,956.366333,-476.729287,956.366333
1970,956.366333,-613.195734,956.366333
1971,956.366333,-598.997025,956.366333
1972,956.366333,-454.620837,956.366333
1973,956.366333,-424.734032,956.366333
1974,956.366333,-330.523067,956.366333
1975,956.366333,-526.301056,956.366333
1976,956.366333,-461.537144,956.366333
1977,956.366333,-260.750703,956.366333
1978,956.366333,-570.088829,956.366333
1979,956.366333,-388.622412,956.366333
1980,956.366333,-424.756153,956.366333
1981,956.366333,-346.722347,956.366333
1982,956.366333,-405.051595,956.366333
1983,956.366333,-600.848547,956.366333
1984,956.366333,-380.006204,956.366333
1985,956.366333,-310.423587,956.366333
1986,956.366333,-424.086868,956.366333
1987,956.366333,-325.466075,956.366333
1988,956.366333,-372.519008,956.366333
1989,956.366333,-439.284833,956.366333
1990,956.366333,-230.859901,956.366333
1991,956.366333,-385.185513,956.366333
1992,956.366333,-395.795821,956.366333
1993,956.366333,-219.146803,956.366333
1994,956.366333,-510.976901,956.366333
1995,956.366333,-199.078664,956.366333
1996,956.366333,-498.056822,956.366333
1997,956.366333,-437.434474,956.366333
1998,956.366333,-458.729945,956.366333
1999,956.366333,-418.457384,956.366333
2000,956.366333,-453.729020,956.366333
2001,956.366333,-249.089448,956.366333
2002,956.366333,-451.202121,956.366333
2003,956.366333,-487.015799,956.366333
2004,956.366333,-137.203666,956.366333
2005,956.366333,-206.291447,956.366333
2006,956.366333,-342.639005,956.366333
2007,956.366333,-292.659076,956.366333
2008,956.366333,-348.384249,956.366333
2009,956.366333,-571.392769,956.366333
2010,956.366333,-419.628531,956.366333
2011,956.366333,-433.552675,956.366333
2012,956.366333,-519.574563,956.366333
2013,956.366333,-433.233239,956.366333
2014,956.366333,-517.384854,956.366333
2015,956.366333,-391.595439,956.366333
2016,956.366333,-594.352336,956.366333
2017,956.366333,-607.813545,956.366333
2018,956.366333,-531.506088,956.366333
2019,956.366333,-564.493994,956.366333
2020,956.366333,-478.650445,956.366333
2021,956.366333,-305.120400,956.366333
2022,956.366333,-265.180421,956.366333
2023,956.366333,-324.545306,956.366333
2024,956.366333,-327.066452,956.366333
2025,956.366333,-419.285791,956.366333
2026,956.366333,-435.732463,956.366333
2027,956.366333,-608.714569,956.366333
2028,956.366333,-396.757444,956.366333
2029,956.366333,-279.185200,956.366333
2030,956.366333,-333.475765,956.366333
2031,956.366333,-507.467948,956.366333
2032,956.366333,-523.268937,956.366333
2033,956.366333,-466.843116,956.366333
2034,956.366333,-448.439384,956.366333
2035,956.366333,-440.858885,956.366333
2036,956.366333,-288.036026,956.366333
2037,956.366333,-125.431485,956.366333
2038,956.366333,-383.796129,956.366333
2039,956.366333,-571.010984,956.366333
2040,956.366333,-368.653900,956.366333
2041,956.366333,-321.578914,956.366333
2042,956.366333,-470.113509,956.366333
2043,956.366333,-334.216656,956.366333
2044,956.366333,-294.378963,956.366333
2045,956.366333,-483.437161,956.366333
2046,956.366333,-428.073185,956.366333
2047,956.366333,-438.333091,956.366333
2048,956.366333,-421.514927,956.366333
2049,956.366333,-258.785697,956.366333
2050,956.366333,-447.990529,956.366333
2051,956.366333,-395.181046,956.366333
2052,956.366333,-415.194226,956.366333
2053,956.366333,-355.205664,956.366333
2054,956.366333,-459.134675,956.366333
2055,956.366333,-219.897986,956.366333
2056,956.366333,-325.562691,956.366333
2057,956.366333,-412.515720,956.366333
2058,956.366333,-306.281221,956.366333
2059,956.366333,-514.188401,956.366333
2060,956.366333,-372.748331,956.366333
2061,956.366333,-295.866464,956.366333
2062,956.366333,-562.153545,956.366333
2063,956.535000,-499.332753,956.535000
2064,956.535000,-553.367837,956.535000
2065,956.535000,-284.453146,956.535000
2066,956.535000,-366.803787,956.535000
2067,956.535000,-308.657091,956.535000
2068,956.535000,-309.757805,956.535000
2069,956.535000,-412.257003,956.535000
2070,956.535000,-377.528593,956.535000
2071,956.535000,-361.309148,956.535000
2072,956.535000,-452.174268,956.535000
2073,956.535000,-392.667825,956.535000
2074,956.535000,-458.887889,956.535000
2075,956.535000,-138.828440,956.535000
2076,956.535000,-184.376617,956.535000
2077,956.535000,-390.536410,956.535000
2078,956.535000,-450.920117,956.535000
2079,956.535000,-413.665890,956.535000
2080,956.535000,-327.229722,956.535000
2081,956.831333,-46.034153,956.831333
2082,956.831333,-378.023608,956.831333
2083,956.831333,-316.200895,956.831333
2084,956.831333,-315.446920,956.831333
2085,956.831333,-255.803158,956.831333
2086,956.831333,-393.412346,956.831333
2087,956.831333,-503.944787,956.831333
2088,956.831333,-387.968385,956.831333
2089,956.831333,-271.523637,956.831333
2090,956.831333,-191.416651,956.831333
2091,956.831333,-213.706579,956.831333
2092,956.831333,-248.769055,956.831333
2093,956.831333,-364.699251,956.831333
2094,956.831333,-314.004938,956.831333
2095,956.831333,-418.098771,956.831333
2096,956.831333,-367.701830,956.831333
2097,956.831333,-75.977104,956.831333
2098,956.831333,-340.051570,956.831333
2099,956.831333,-306.631658,956.831333
2100,956.831333,-316.413550,956.831333
2101,956.831333,-333.084861,956.831333
2102,956.831333,-202.437536,956.831333
2103,956.831333,-363.896005,956.831333
2104,956.831333,-300.368308,956.831333
2105,956.831333,-209.812200,956.831333
2106,956.831333,-386.209968,956.831333
2107,956.831333,-302.217153,956.831333
2108,956.831333,-263.512028,956.831333
2109,956.831333,-238.744116,956.831333
2110,956.831333,-466.966669,956.831333
2111,956.831333,-374.598911,956.831333
2112,956.831333,-313.626594,956.831333
2113,956.831333,-334.910949,956.831333
2114,956.831333,-591.841731,956.831333
2115,956.831333,-561.293657,956.831333
2116,956.831333,-591.718814,956.831333
2117,956.831333,-480.720357,956.831333
2118,956.831333,-420.576325,956.831333
2119,956.831333,-362.026857,956.831333
2120,956.831333,-362.131798,956.831333
2121,956.831333,-361.652411,956.831333
2122,956.831333,-421.069029,956.831333
2123,956.831333,-474.758303,956.831333
2124,956.831333,-413.998718,956.831333
2125,956.831333,-471.228490,956.831333
2126,956.831333,-580.230911,956.831333
2127,956.831333,-579.699025,956.831333
2128,956.831333,-376.376561,956.831333
2129,956.831333,-371.524399,956.831333
2130,956.831333,-72.345103,956.831333
2131,956.831333,-425.744622,956.831333
2132,956.831333,-475.571656,956.831333
2133,956.831333,-499.301266,956.831333
2134,956.831333,-607.004816,956.831333
2135,956.831333,-376.186445,956.831333
2136,956.831333,-348.786780,956.831333
2137,956.831333,-205.666150,956.831333
2138,956.831333,-263.841229,956.831333
2139,956.831333,-386.678387,956.831333
2140,956.831333,-410.563268,956.831333
2141,956.831333,-262.326447,956.831333
2142,956.831333,-277.056979,956.831333
2143,956.831333,-325.440289,956.831333
2144,956.831333,-250.619940,956.831333
2145,956.831333,-143.621104,956.831333
2146,956.831333,-41.051282,956.831333
2147,956.831333,-369.455914,956.831333
2148,956.831333,-287.859752,956.831333
2149,956.831333,-362.132188,956.831333
2150,956.831333,-344.274616,956.831333
2151,956.831333,-362.059924,956.831333
2152,956.831333,-481.420445,956.831333
2153,956.831333,-468.837346,956.831333
2154,956.831333,-429.019801,956.831333
2155,956.831333,-292.005806,956.831333
2156,956.831333,-126.225351,956.831333
2157,956.831333,-265.564000,956.831333
2158,956.831333,-188.526862,956.831333
2159,956.831333,-118.061275,956.831333
2160,956.831333,-281.534518,956.831333
2161,956.831333,-116.861589,956.831333
2162,956.831333,-34.818512,956.831333
2163,956.831333,-421.198058,956.831333
2164,956.831333,-344.365796,956.831333
2165,956.831333,-401.921121,956.831333
2166,956.831333,-471.095941,956.831333
2167,956.831333,-418.621939,956.831333
2168,956.831333,-523.745659,956.831333
2169,956.831333,-348.126867,956.831333
2170,956.831333,-298.926443,956.831333
2171,956.831333,-369.081027,956.831333
2172,956.831333,-365.616313,956.831333
2173,956.831333,-333.316789,956.831333
2174,956.831333,-319.200621,956.831333
2175,956.831333,-381.639853,956.831333
2176,956.831333,-408.370262,956.831333
2177,956.831333,-402.370785,956.831333
2178,956.831333,-640.777530,956.831333
2179,956.831333,-311.639714,956.831333
2180,956.831333,-174.589122,956.831333
2181,956.831333,-404.903499,956.831333
2182,956.831333,-244.108778,956.831333
2183,956.831333,-179.000412,956.831333
2184,956.831333,-301.628659,956.831333
2185,956.831333,-296.176202,956.831333
2186,956.831333,-510.437926,956.831333
2187,956.831333,-262.646634,956.831333
2188,956.831333,-257.528435,956.831333
2189,956.831333,-403.765233,956.831333
2190,956.831333,-302.775778,956.831333
2191,956.831333,-452.007449,956.831333
2192,956.831333,-420.056751,956.831333
2193,956.831333,-236.369818,956.831333
2194,956.831333,-303.755767,956.831333
2195,956.831333,-370.717265,956.831333
2196,956.831333,-313.816076,956.831333
2197,956.831333,-385.405857,956.831333
2198,956.831333,-346.693085,956.831333
2199,956.831333,-449.716785,956.831333
2200,956.831333,-522.352270,956.831333
2201,956.831333,-511.165925,956.831333
2202,956.831333,-298.159607,956.831333
2203,956.831333,-449.704207,956.831333
2204,956.831333,-319.260510,956.831333
2205,956.831333,-318.020343,956.831333
2206,956.831333,-458.520851,956.831333
2207,956.831333,-416.230752,956.831333
2208,956.831333,-387.531072,956.831333
2209,956.831333,-327.174725,956.831333
2210,956.831333,-184.333563,956.831333
2211,956.831333,-374.348239,956.831333
2212,957.226000,-222.791118,957.226000
2213,957.226000,-306.024604,957.226000
2214,957.226000,-355.657733,957.226000
2215,957.226000,-472.880837,957.226000
2216,957.226000,-201.429292,957.226000
2217,957.226000,-484.772045,957.226000
2218,957.521333,-368.974361,957.521333
2219,957.521333,-528.953995,957.521333
2220,957.521333,-457.843232,957.521333
2221,957.521333,-509.946204,957.521333
2222,957.521333,-566.183256,957.521333
2223,957.521333,-684.781035,957.521333
2224,957.521333,-662.517320,957.521333
2225,957.521333,-469.672423,957.521333
2226,957.521333,-494.885556,957.521333
2227,957.521333,-445.510041,957.521333
2228,957.521333,-210.089258,957.521333
2229,957.521333,-228.757541,957.521333
2230,957.521333,-353.816820,957.521333
2231,957.521333,-402.533177,957.521333
2232,957.521333,-486.337965,957.521333
2233,957.521333,-197.650243,957.521333
2234,957.521333,-176.477364,957.521333
2235,957.521333,-443.948192,957.521333
2236,957.521333,-454.132543,957.521333
2237,957.521333,-462.294555,957.521333
2238,957.521333,-419.406560,957.521333
2239,957.521333,-555.976214,957.521333
2240,957.521333,-469.841737,957.521333
2241,957.521333,-332.010132,957.521333
2242,957.521333,-555.503603,957.521333
2243,957.521333,-426.682317,957.521333
2244,957.521333,-439.928369,957.521333
2245,957.521333,-424.038986,957.521333
2246,957.521333,-327.581947,957.521333
2247,957.521333,-627.766216,957.521333
2248,957.521333,-531.404549,957.521333
2249,957.521333,-421.060516,957.521333
2250,957.521333,-348.881625,957.521333
2251,957.521333,-513.293197,957.521333
2252,957.521333,-387.718648,957.521333
2253,957.521333,-437.893969,957.521333
2254,957.521333,-396.830648,957.521333
2255,957.521333,-239.968172,957.521333
2256,957.521333,-338.861079,957.521333
2257,957.521333,-340.202925,957.521333
2258,957.521333,-300.635522,957.521333
2259,957.521333,-374.636964,957.521333
2260,957.521333,-378.130159,957.521333
2261,957.521333,-445.897459,957.521333
2262,957.521333,-287.030693,957.521333
2263,957.521333,-470.958452,957.521333
2264,957.521333,-448.626138,957.521333
2265,957.521333,-501.208410,957.521333
2266,957.521333,-392.560673,957.521333
2267,957.521333,-276.758930,957.521333
2268,957.521333,-310.965458,957.521333
2269,957.521333,-312.876099,957.521333
2270,957.521333,-180.746557,957.521333
2271,957.521333,-462.287945,957.521333
2272,957.521333,-222.565383,957.521333
2273,957.521333,-291.269464,957.521333
2274,957.521333,-285.825968,957.521333
2275,957.521333,-199.296518,957.521333
2276,957.521333,-353.331269,957.521333
2277,957.521333,-472.843558,957.521333
2278,957.521333,-316.457331,957.521333
2279,957.521333,-496.958882,957.521333
2280,957.521333,-602.435553,957.521333
2281,957.521333,-378.312932,957.521333
2282,957.521333,-356.624950,957.521333
2283,957.521333,-190.803829,957.521333
2284,957.521333,-211.875349,957.521333
2285,957.521333,-277.614934,957.521333
2286,957.521333,-543.880340,957.521333
2287,957.521333,-224.307218,957.521333
2288,957.521333,-128.673554,957.521333
2289,957.521333,-362.734849,957.521333
2290,957.521333,-474.456862,957.521333
2291,957.521333,-145.052109,957.521333
2292,957.521333,-226.514990,957.521333
2293,957.521333,-400.372917,957.521333
2294,957.521333,-502.408896,957.521333
2295,957.521333,-125.258497,957.521333
2296,957.521333,-385.911010,957.521333
2297,957.521333,-89.445200,957.521333
2298,957.521333,-363.504203,957.521333
2299,957.521333,-274.070166,957.521333
2300,957.521333,-265.044118,957.521333
2301,957.521333,-178.800613,957.521333
2302,957.521333,-376.825839,957.521333
2303,957.521333,-391.897460,957.521333
2304,957.521333,-366.869489,957.521333
2305,957.521333,-219.445452,957.521333
2306,957.521333,-376.968741,957.521333
2307,957.521333,-555.807325,957.521333
2308,957.521333,-425.218506,957.521333
2309,957.521333,-394.485223,957.521333
2310,957.521333,-232.469860,957.521333
2311,957.521333,-270.856375,957.521333
2312,957.521333,-147.668409,957.521333
2313,957.521333,-437.620909,957.521333
2314,957.521333,-322.230314,957.521333
2315,957.521333,-360.101002,957.521333
2316,957.521333,-571.911385,957.521333
2317,957.521333,-610.028782,957.521333
2318,957.521333,-404.623864,957.521333
2319,957.521333,-445.280603,957.521333
2320,957.521333,-489.152936,957.521333
2321,957.521333,-423.124492,957.521333
2322,957.521333,-517.980094,957.521333
2323,957.521333,-355.515900,957.521333
2324,957.521333,-347.374121,957.521333
2325,957.654000,-379.453690,957.654000
2326,957.654000,-448.369783,957.654000
2327,957.654000,-466.967236,957.654000
2328,957.654000,-386.601219,957.654000
2329,957.654000,-319.699087,957.654000
2330,957.654000,-383.624759,957.654000
2331,957.654000,-411.414217,957.654000
2332,957.654000,-354.000858,957.654000
2333,957.654000,-300.391381,957.654000
2334,957.654000,-493.840369,957.654000
2335,957.654000,-274.746323,957.654000
2336,957.654000,-393.999353,957.654000
2337,957.654000,-221.930973,957.654000
2338,957.654000,-391.143006,957.654000
2339,957.654000,-260.419257,957.654000
2340,957.654000,-356.141897,957.654000
2341,957.654000,-385.153952,957.654000
2342,957.654000,-442.751283,957.654000
2343,957.654000,-469.468585,957.654000
2344,957.654000,-538.862137,957.654000
2345,957.654000,-530.720451,957.654000
2346,957.654000,-572.389077,957.654000
2347,957.654000,-642.466891,957.654000
2348,957.654000,-450.497895,957.654000
2349,957.654000,-603.566859,957.654000
2350,957.654000,-660.236773,957.654000
2351,957.654000,-628.987988,957.654000
2352,957.654000,-661.749885,957.654000
2353,957.654000,-638.574711,957.654000
2354,957.654000,-523.220128,957.654000
2355,957.654000,-543.881967,957.654000
2356,957.654000,-552.226267,957.654000
2357,957.654000,-594.001002,957.654000
2358,957.654000,-447.386404,957.654000
2359,957.654000,-492.289143,957.654000
2360,957.654000,-433.653881,957.654000
2361,957.654000,-521.274930,957.654000
2362,957.654000,-444.459243,957.654000
2363,957.654000,-256.155840,957.654000
2364,957.654000,-257.566910,957.654000
2365,957.654000,-299.000460,957.654000
2366,957.654000,-362.253846,957.654000
2367,957.654000,-113.685580,957.654000
2368,957.654000,-354.447869,957.654000
2369,957.654000,-411.300943,957.654000
2370,957.654000,-244.016283,957.654000
2371,957.654000,-303.167928,957.654000
2372,957.654000,-447.303953,957.654000
2373,957.654000,-510.435379,957.654000
2374,957.654000,-537.701487,957.654000
2375,957.654000,-302.091112,957.654000
2376,957.654000,-316.802532,957.654000
2377,957.654000,-485.074101,957.654000
2378,957.654000,-407.213076,957.654000
2379,957.654000,-203.632396,957.654000
2380,957.654000,-421.734993,957.654000
2381,957.654000,-441.027533,957.654000
2382,957.654000,-353.781697,957.654000
2383,957.654000,-329.782963,957.654000
2384,957.654000,-569.243980,957.654000
2385,957.654000,-382.299765,957.654000
2386,957.654000,-184.269679,957.654000
2387,957.654000,-527.255946,957.654000
2388,957.654000,-191.848076,957.654000
2389,957.654000,-304.133822,957.654000
2390,957.654000,-189.789959,957.654000
2391,957.654000,-397.097698,957.654000
2392,957.654000,-162.070436,957.654000
2393,957.654000,-355.273973,957.654000
2394,957.654000,-403.783486,957.654000
2395,957.654000,-315.141319,957.654000
2396,957.654000,-365.089107,957.654000
2397,957.654000,-407.930360,957.654000
2398,957.654000,-474.797150,957.654000
2399,957.654000,-221.366931,957.654000
2400,957.654000,-253.961940,957.654000
2401,957.654000,-330.541137,957.654000
2402,957.654000,-520.112256,957.654000
2403,957.654000,-368.827500,957.654000
2404,957.654000,-77.548987,957.654000
2405,957.654000,-35.882174,957.654000
2406,957.654000,-437.352916,957.654000
2407,957.654000,-445.365648,957.654000
2408,957.654000,-377.361983,957.654000
2409,957.654000,-193.040553,957.654000
2410,957.654000,-134.701331,957.654000
2411,957.654000,-349.608664,957.654000
2412,957.654000,-220.076450,957.654000
2413,957.654000,-360.460735,957.654000
2414,957.654000,-300.917159,957.654000
2415,957.654000,-295.760403,957.654000
2416,957.654000,-424.692900,957.654000
2417,957.654000,-492.907811,957.654000
2418,957.654000,-304.353046,957.654000
2419,957.654000,-310.931259,957.654000
2420,957.654000,-190.678045,957.654000
2421,957.654000,-393.972967,957.654000
2422,957.654000,-165.770853,957.654000
2423,957.654000,-327.451998,957.654000
2424,957.654000,-364.488069,957.654000
2425,957.654000,-210.019457,957.654000
2426,957.654000,-211.728725,957.654000
2427,957.654000,-72.175016,957.654000
2428,957.654000,-345.810902,957.654000
2429,957.654000,-435.463331,957.654000
2430,957.654000,-156.399962,957.654000
2431,957.654000,-119.731271,957.654000
2432,957.654000,-340.616788,957.654000
2433,957.654000,-394.769255,957.654000
2434,957.654000,-310.728707,957.654000
2435,957.654000,-438.403564,957.654000
2436,957.654000,-181.636040,957.654000
2437,957.654000,-256.296849,957.654000
2438,957.654000,-292.531760,957.654000
2439,957.654000,-206.436348,957.654000
2440,957.654000,-47.976729,957.654000
2441,957.654000,-279.850352,957.654000
2442,957.654000,-374.223893,957.654000
2443,957.654000,-332.105422,957.654000
2444,957.654000,-398.872968,957.654000
2445,957.654000,-339.374327,957.654000
2446,957.654000,-382.206953,957.654000
2447,957.654000,-374.335179,957.654000
2448,957.654000,-255.499183,957.654000
2449,957.654000,-261.598717,957.654000
2450,957.654000,-373.582419,957.654000
2451,957.654000,-476.414909,957.654000
2452,957.654000,-529.939932,957.654000
2453,957.654000,-479.913072,957.654000
2454,957.654000,-522.696767,957.654000
2455,957.654000,-311.535378,957.654000
2456,957.654000,-250.735435,957.654000
2457,957.654000,-290.636432,957.654000
2458,957.654000,-296.824437,957.654000
2459,957.654000,-277.933745,957.654000
2460,957.654000,-277.484589,957.654000
2461,957.654000,-274.618191,957.654000
2462,957.654000,-44.965721,957.654000
2463,957.654000,-496.397851,957.654000
2464,957.654000,-403.919416,957.654000
2465,957.654000,-418.034218,957.654000
2466,957.654000,-317.299759,957.654000
2467,957.654000,-383.142967,957.654000
2468,957.654000,-517.376944,957.654000
2469,957.654000,-517.065798,957.654000
2470,957.654000,-367.328970,957.654000
2471,957.754333,-525.771913,957.754333
2472,957.754333,-494.938269,957.754333
2473,957.754333,-603.674960,957.754333
2474,957.754333,-552.308514,957.754333
2475,957.754333,-583.671486,957.754333
2476,957.754333,-338.660946,957.754333
2477,957.754333,-283.735933,957.754333
2478,957.754333,-216.484341,957.754333
2479,957.754333,-304.542013,957.754333
2480,957.754333,-533.047874,957.754333
2481,957.754333,-450.359472,957.754333
2482,957.754333,-360.762354,957.754333
2483,957.754333,-378.147234,957.754333
2484,957.754333,-535.252907,957.754333
2485,957.754333,-501.342350,957.754333
2486,957.754333,-355.276127,957.754333
2487,957.754333,-563.777562,957.754333
2488,957.754333,-371.840607,957.754333
2489,957.754333,-384.883202,957.754333
2490,957.754333,-310.530902,957.754333
2491,957.754333,-344.231966,957.754333
2492,957.754333,-231.692265,957.754333
2493,957.754333,-228.410485,957.754333
2494,957.754333,-271.373366,957.754333
2495,957.754333,-476.109970,957.754333
2496,957.754333,-354.393016,957.754333
2497,957.754333,-403.584566,957.754333
2498,957.754333,-387.921058,957.754333
2499,957.754333,-174.384187,957.754333
2500,957.754333,-263.554253,957.754333
2501,957.754333,-369.545315,957.754333
2502,957.754333,-611.727791,957.754333
2503,957.754333,-527.157610,957.754333
2504,957.754333,-596.824625,957.754333
2505,957.754333,-436.971777,957.754333
2506,957.754333,-583.081232,957.754333
2507,957.754333,-541.731480,957.754333
2508,957.754333,-368.014523,957.754333
2509,957.754333,-500.990715,957.754333
2510,957.754333,-499.242968,957.754333
2511,957.754333,-485.843023,957.754333
2512,957.754333,-496.145162,957.754333
2513,957.754333,-309.563143,957.754333
2514,957.754333,-489.258841,957.754333
2515,957.754333,-215.672984,957.754333
2516,957.754333,-302.600781,957.754333
2517,957.754333,-231.335687,957.754333
2518,957.754333,-506.464512,957.754333
2519,957.754333,-300.104852,957.754333
2520,957.754333,-165.144855,957.754333
2521,957.754333,-356.083857,957.754333
2522,957.754333,-432.682109,957.754333
2523,957.754333,-409.443105,957.754333
2524,957.754333,-463.768002,957.754333
2525,957.754333,-261.639474,957.754333
2526,957.754333,-353.881419,957.754333
2527,957.754333,-277.985182,957.754333
2528,957.754333,-301.469692,957.754333
2529,957.754333,-404.288967,957.754333
2530,957.754333,-420.091955,957.754333
2531,957.754333,-482.828379,957.754333
2532,957.754333,-414.427311,957.754333
2533,957.754333,-345.476698,957.754333
2534,957.754333,-433.084155,957.754333
2535,957.754333,-463.413328,957.754333
2536,957.754333,-509.043207,957.754333
2537,957.754333,-505.865533,957.754333
2538,957.754333,-472.558254,957.754333
2539,957.754333,-452.683662,957.754333
2540,957.754333,-537.109289,957.754333
2541,957.754333,-522.392861,957.754333
2542,957.754333,-549.329681,957.754333
2543,957.754333,-417.239433,957.754333
2544,957.754333,-491.706766,957.754333
2545,957.754333,-345.037666,957.754333
2546,957.754333,-276.231391,957.754333
2547,957.754333,-567.732836,957.754333
2548,957.754333,-490.914382,957.754333
2549,957.754333,-546.528759,957.754333
2550,957.754333,-247.997630,957.754333
2551,957.754333,-509.034277,957.754333
2552,957.754333,-516.858527,957.754333
2553,957.754333,-441.913515,957.754333
2554,957.754333,-361.568693,957.754333
2555,957.754333,-266.063341,957.754333
2556,957.754333,-364.121573,957.754333
2557,957.754333,-349.534172,957.754333
2558,957.754333,-213.701325,957.754333
2559,957.754333,-287.801686,957.754333
2560,957.754333,-337.562995,957.754333
2561,957.754333,-423.155754,957.754333
2562,957.754333,-503.136006,957.754333
2563,957.754333,-489.594323,957.754333
2564,957.754333,-342.273600,957.754333
2565,957.754333,-514.990760,957.754333
2566,957.754333,-347.368723,957.754333
2567,957.754333,-349.597803,957.754333
2568,957.754333,-405.673639,957.754333
2569,957.754333,-396.836569,957.754333
2570,957.754333,-298.081647,957.754333
2571,957.754333,-410.764428,957.754333
2572,957.754333,-420.715761,957.754333
2573,957.754333,-556.287373,957.754333
2574,957.754333,-301.587474,957.754333
2575,957.754333,-371.374214,957.754333
2576,957.754333,-182.169597,957.754333
2577,957.754333,-228.662843,957.754333
2578,957.754333,-291.201988,957.754333
2579,957.754333,-338.338748,957.754333
2580,957.754333,-523.095705,957.754333
2581,957.754333,-544.646831,957.754333
2582,957.754333,-556.587154,957.754333
2583,957.754333,-464.741379,957.754333
2584,957.754333,-392.557455,957.754333
2585,957.754333,-341.162786,957.754333
2586,957.754333,-269.322203,957.754333
2587,957.754333,-449.413084,957.754333
2588,957.754333,-534.769150,957.754333
2589,957.754333,-496.121321,957.754333
2590,957.754333,-440.195921,957.754333
2591,957.754333,-451.729301,957.754333
2592,957.754333,-87.299813,957.754333
2593,957.754333,-331.563547,957.754333
2594,957.754333,-550.413607,957.754333
2595,957.754333,-361.046731,957.754333
2596,957.754333,-409.289661,957.754333
2597,957.754333,-376.952541,957.754333
2598,957.754333,-491.528991,957.754333
2599,957.754333,-360.086595,957.754333
2600,957.754333,-269.247352,957.754333
2601,957.754333,-428.111029,957.754333
2602,957.754333,-444.583291,957.754333
2603,957.754333,-568.669536,957.754333
2604,957.754333,-648.189011,957.754333
2605,957.754333,-479.237486,957.754333
2606,957.754333,-319.672549,957.754333
2607,957.754333,-361.904905,957.754333
2608,957.754333,-357.398797,957.754333
2609,957.754333,-323.796815,957.754333
2610,957.754333,-421.566429,957.754333
2611,957.754333,-230.686786,957.754333
2612,957.754333,-204.888155,957.754333
2613,957.754333,-403.789104,957.754333
2614,957.754333,-571.947401,957.754333
2615,957.754333,-402.625795,957.754333
2616,957.754333,-445.918663,957.754333
2617,957.754333,-579.484839,957.754333
2618,957.754333,-609.565767,957.754333
2619,957.754333,-460.810138,957.754333
2620,957.754333,-515.095987,957.754333
2621,957.754333,-614.647488,957.754333
2622,957.754333,-511.399563,957.754333
2623,957.754333,-596.199868,957.754333
2624,957.754333,-678.996383,957.754333
2625,957.754333,-608.041278,957.754333
2626,957.754333,-609.452558,957.754333
2627,957.754333,-598.769555,957.754333
2628,957.754333,-670.013322,957.754333
2629,957.754333,-603.324332,957.754333
2630,957.754333,-536.201894,957.754333
2631,957.754333,-430.342618,957.754333
2632,957.754333,-310.386106,957.754333
2633,957.754333,-383.348739,957.754333
2634,957.754333,-391.850334,957.754333
2635,957.754333,-232.894201,957.754333
2636,957.754333,-547.453185,957.754333
2637,957.754333,-265.550131,957.754333
2638,957.754333,-185.398611,957.754333
2639,957.754333,-343.899436,957.754333
2640,957.754333,-379.121519,957.754333
2641,957.754333,-505.818249,957.754333
2642,957.754333,-583.855486,957.754333
2643,957.754333,-566.094272,957.754333
2644,957.754333,-563.439443,957.754333
2645,957.754333,-426.749166,957.754333
2646,957.754333,-424.425598,957.754333
2647,957.754333,-156.454176,957.754333
2648,957.754333,-439.769567,957.754333
2649,957.754333,-587.846174,957.754333
2650,957.754333,-420.437828,957.754333
2651,957.754333,-282.265516,957.754333
2652,957.754333,-314.425908,957.754333
2653,957.754333,-329.447459,957.754333
2654,957.754333,-431.890613,957.754333
2655,957.754333,-393.493161,957.754333
2656,957.754333,-386.386774,957.754333
2657,957.754333,-531.872339,957.754333
2658,957.754333,-444.514352,957.754333
2659,957.754333,-440.653854,957.754333
2660,957.754333,-328.767654,957.754333
2661,957.754333,-524.632771,957.754333
2662,957.754333,-463.832331,957.754333
2663,957.754333,-427.751417,957.754333
2664,957.754333,-310.571948,957.754333
2665,957.754333,-286.143119,957.754333
2666,957.754333,-455.148198,957.754333
2667,957.754333,-359.449523,957.754333
2668,957.754333,-381.677976,957.754333
2669,957.754333,-423.233531,957.754333
2670,957.754333,-272.949227,957.754333
2671,957.754333,-241.224992,957.754333
2672,957.754333,-353.048672,957.754333
2673,957.754333,-284.206376,957.754333
2674,957.754333,-359.847227,957.754333
2675,957.754333,-518.525911,957.754333
2676,957.754333,-453.218970,957.754333
2677,957.754333,-397.053237,957.754333
2678,957.754333,-284.035252,957.754333
2679,957.754333,-237.586954,957.754333
2680,957.754333,-467.086540,957.754333
2681,957.754333,-517.191389,957.754333
2682,957.754333,-398.536849,957.754333
2683,957.754333,-412.689480,957.754333
2684,957.754333,-525.291344,957.754333
2685,957.754333,-380.078108,957.754333
2686,957.754333,-566.246841,957.754333
2687,957.754333,-661.621364,957.754333
2688,957.754333,-539.991789,957.754333
2689,957.754333,-591.634675,957.754333
2690,957.754333,-532.509561,957.754333
2691,957.754333,-298.664748,957.754333
2692,957.754333,-456.533365,957.754333
2693,957.754333,-226.365062,957.754333
2694,957.754333,-480.425992,957.754333
2695,957.754333,-409.068015,957.754333
2696,957.754333,-517.490244,957.754333
2697,957.754333,-411.894163,957.754333
2698,957.754333,-322.733362,957.754333
2699,957.754333,-634.291449,957.754333
2700,957.754333,-560.798259,957.754333
2701,957.754333,-339.184420,957.754333
2702,957.754333,-230.434614,957.754333
2703,957.754333,-593.891755,957.754333
2704,957.754333,-507.495193,957.754333
2705,957.754333,-315.022095,957.754333
2706,957.754333,-275.010464,957.754333
2707,957.754333,-256.751965,957.754333
2708,957.754333,-189.522563,957.754333
2709,957.754333,-279.220118,957.754333
2710,957.754333,-235.877181,957.754333
2711,957.754333,-407.871928,957.754333
2712,957.754333,-333.628738,957.754333
2713,957.754333,-312.083139,957.754333
2714,957.754333,-553.553131,957.754333
2715,957.754333,-597.932887,957.754333
2716,957.754333,-282.925394,957.754333
2717,957.754333,-198.608649,957.754333
2718,957.754333,-154.844771,957.754333
2719,957.754333,-163.774352,957.754333
2720,957.754333,-517.149712,957.754333
2721,957.754333,-516.811421,957.754333
2722,957.754333,-451.675921,957.754333
2723,957.754333,-473.872996,957.754333
2724,957.754333,-367.804688,957.754333
2725,957.754333,-429.983878,957.754333
2726,957.754333,-399.837007,957.754333
2727,957.754333,-317.364532,957.754333
2728,957.754333,-549.673827,957.754333
2729,957.754333,-441.535419,957.754333
2730,957.754333,-394.534111,957.754333
2731,957.754333,-344.841657,957.754333
2732,957.754333,-219.780691,957.754333
2733,957.754333,-493.287183,957.754333
2734,957.754333,-386.287154,957.754333
2735,957.754333,-357.968964,957.754333
2736,957.754333,-268.808950,957.754333
2737,957.754333,-445.839624,957.754333
2738,957.754333,-345.853627,957.754333
2739,957.754333,-537.987215,957.754333
2740,957.754333,-362.719942,957.754333
2741,957.754333,-301.748098,957.754333
2742,957.754333,-249.059112,957.754333
2743,957.754333,-258.477691,957.754333
2744,957.754333,-352.275591,957.754333
2745,957.754333,-576.305506,957.754333
2746,957.754333,-399.173513,957.754333
2747,957.754333,-181.539069,957.754333
2748,957.754333,-366.231465,957.754333
2749,957.754333,-365.435539,957.754333
2750,957.754333,-318.112130,957.754333
2751,957.754333,-394.930353,957.754333
2752,957.754333,-493.996313,957.754333
2753,957.754333,-491.729494,957.754333
2754,957.754333,-485.748173,957.754333
2755,957.754333,-385.321603,957.754333
2756,957.754333,-379.272795,957.754333
2757,957.754333,-346.356374,957.754333
2758,957.754333,-186.650869,957.754333
2759,957.754333,-403.633106,957.754333
2760,957.754333,-522.538032,957.754333
2761,957.754333,-436.971594,957.754333
2762,957.754333,-211.076914,957.754333
2763,957.754333,-381.412832,957.754333
2764,957.754333,-393.283042,957.754333
2765,957.754333,-458.342242,957.754333
2766,957.754333,-541.061864,957.754333
2767,957.754333,-443.331383,957.754333
2768,957.754333,-371.052307,957.754333
2769,957.754333,-454.189065,957.754333
2770,957.754333,-353.682496,957.754333
2771,957.754333,-357.880821,957.754333
2772,957.754333,-335.000538,957.754333
2773,957.754333,-184.280176,957.754333
2774,957.754333,-409.959303,957.754333
2775,957.754333,-185.467154,957.754333
2776,957.754333,-224.798990,957.754333
2777,957.754333,-186.338951,957.754333
2778,957.754333,-222.616765,957.754333
2779,957.754333,-350.681924,957.754333
2780,957.754333,-457.260056,957.754333
2781,957.754333,-666.854487,957.754333
2782,957.754333,-506.681375,957.754333
2783,957.754333,-410.598449,957.754333
2784,957.754333,-436.691687,957.754333
2785,957.754333,-461.726572,957.754333
2786,957.754333,-466.254241,957.754333
2787,957.754333,-358.679117,957.754333
2788,957.754333,-563.312609,957.754333
2789,957.754333,-579.580764,957.754333
2790,957.754333,-461.572251,957.754333
2791,957.754333,-234.211902,957.754333
2792,957.754333,-572.205096,957.754333
2793,957.754333,-482.570891,957.754333
2794,957.754333,-689.075959,957.754333
2795,957.754333,-561.832195,957.754333
2796,957.754333,-569.920177,957.754333
2797,957.754333,-372.341260,957.754333
2798,957.754333,-351.588382,957.754333
2799,957.754333,-266.960033,957.754333
2800,957.754333,-384.457341,957.754333
2801,957.754333,-359.035937,957.754333
2802,957.754333,-601.227597,957.754333
2803,957.754333,-516.471551,957.754333
2804,957.754333,-559.591204,957.754333
2805,957.754333,-362.890090,957.754333
2806,957.754333,-251.525472,957.754333
2807,957.754333,-392.392903,957.754333
2808,957.754333,-454.910126,957.754333
2809,957.754333,-407.859036,957.754333
2810,957.754333,-243.456973,957.754333
2811,957.754333,-327.338807,957.754333
2812,957.754333,-609.558195,957.754333
2813,957.754333,-506.028047,957.754333
2814,957.754333,-561.595543,957.754333
2815,957.754333,-513.401151,957.754333
2816,957.754333,-411.207774,957.754333
2817,957.754333,-444.371619,957.754333
2818,957.754333,-391.473115,957.754333
2819,957.754333,-396.805868,957.754333
2820,957.754333,-425.104989,957.754333
2821,957.754333,-270.817024,957.754333
2822,957.754333,-120.528644,957.754333
2823,957.754333,-560.949064,957.754333
2824,957.754333,-389.712318,957.754333
2825,957.754333,-335.928551,957.754333
2826,957.754333,-373.131911,957.754333
2827,957.754333,-186.614344,957.754333
2828,957.754333,-203.412184,957.754333
2829,957.754333,-390.607637,957.754333
2830,957.754333,-294.441272,957.754333
2831,957.754333,-452.417725,957.754333
2832,957.754333,-318.722342,957.754333
2833,957.754333,-538.624299,957.754333
2834,957.754333,-485.609541,957.754333
2835,957.754333,-411.653815,957.754333
2836,957.754333,-491.438869,957.754333
2837,957.754333,-394.134472,957.754333
2838,957.754333,-484.169906,957.754333
2839,957.754333,-669.535941,957.754333
2840,957.754333,-400.125055,957.754333
2841,957.754333,-366.890504,957.754333
2842,957.754333,-447.077540,957.754333
2843,957.754333,-338.149704,957.754333
2844,957.754333,-438.044581,957.754333
2845,957.754333,-595.732116,957.754333
2846,957.754333,-502.986228,957.754333
2847,957.754333,-575.889590,957.754333
2848,957.754333,-436.186261,957.754333
2849,957.754333,-391.651304,957.754333
2850,957.754333,-426.516228,957.754333
2851,957.754333,-516.732228,957.754333
2852,957.754333,-535.981839,957.754333
2853,957.754333,-567.383649,957.754333
2854,957.754333,-325.381285,957.754333
2855,957.754333,-405.415579,957.754333
2856,957.754333,-8.466054,957.754333
2857,957.754333,-299.163937,957.754333
2858,957.754333,-395.304578,957.754333
2859,957.754333,-431.404809,957.754333
2860,957.754333,-371.623677,957.754333
2861,957.754333,-485.843824,957.754333
2862,957.754333,-511.392225,957.754333
2863,957.754333,-415.695582,957.754333
2864,957.754333,-468.026432,957.754333
2865,957.754333,-390.644858,957.754333
2866,957.754333,-370.515354,957.754333
2867,957.754333,0.550290,957.754333
2868,957.754333,-94.728008,957.754333
2869,957.754333,-419.221963,957.754333
2870,957.754333,-420.831119,957.754333
2871,957.754333,-441.061737,957.754333
2872,957.754333,-384.504760,957.754333
2873,957.754333,-377.069501,957.754333
2874,957.754333,-500.190634,957.754333
2875,957.754333,-526.764767,957.754333
2876,957.754333,-328.817618,957.754333
2877,957.754333,-380.964983,957.754333
2878,957.754333,-526.992665,957.754333
2879,957.754333,-145.503989,957.754333
2880,957.754333,-251.244133,957.754333
2881,957.754333,-458.148916,957.754333
2882,957.754333,-302.451866,957.754333
2883,957.754333,-472.407868,957.754333
2884,957.754333,-438.202495,957.754333
2885,957.754333,-640.743449,957.754333
2886,957.754333,-552.686536,957.754333
2887,957.754333,-500.551546,957.754333
2888,957.754333,-319.607922,957.754333
2889,957.754333,-307.428691,957.754333
2890,957.754333,-261.293793,957.754333
2891,957.754333,-349.173944,957.754333
2892,957.754333,-436.704703,957.754333
2893,957.754333,-374.266666,957.754333
2894,957.754333,-421.940817,957.754333
2895,957.754333,-604.596508,957.754333
2896,957.754333,-415.373650,957.754333
2897,957.754333,-191.017923,957.754333
2898,957.754333,-89.571987,957.754333
2899,957.754333,-214.486536,957.754333
2900,957.754333,-431.477048,957.754333
2901,957.754333,-431.829505,957.754333
2902,957.754333,-244.056057,957.754333
2903,957.754333,-248.798439,957.754333
2904,957.754333,-467.080649,957.754333
2905,957.754333,-413.923587,957.754333
2906,957.754333,-491.263553,957.754333
2907,957.754333,-275.594406,957.754333
2908,957.754333,-391.574907,957.754333
2909,957.754333,-536.535699,957.754333
2910,957.754333,-485.280502,957.754333
2911,957.754333,-255.265563,957.754333
2912,957.754333,-368.001124,957.754333
2913,957.754333,-357.340979,957.754333
2914,957.754333,-456.986280,957.754333
2915,957.754333,-514.060586,957.754333
2916,957.754333,-378.923527,957.754333
2917,957.754333,-334.679208,957.754333
2918,957.754333,-340.474847,957.754333
2919,957.754333,-485.468464,957.754333
2920,957.754333,-650.430780,957.754333
2921,957.754333,-442.231608,957.754333
2922,957.754333,-375.788692,957.754333
2923,957.754333,-373.780575,957.754333
2924,957.754333,-485.669190,957.754333
2925,957.754333,-434.589079,957.754333
2926,957.754333,-369.272228,957.754333
2927,957.754333,-377.494354,957.754333
2928,957.754333,-229.369300,957.754333
2929,957.754333,-37.696763,957.754333
2930,957.754333,-197.987363,957.754333
2931,957.754333,-186.317589,957.754333
2932,957.754333,-376.517328,957.754333
2933,957.754333,-334.593176,957.754333
2934,957.754333,-341.776156,957.754333
2935,957.754333,-256.658379,957.754333
2936,957.754333,-400.608332,957.754333
2937,957.754333,-464.477278,957.754333
2938,957.754333,-409.152821,957.754333
2939,957.754333,-422.932535,957.754333
2940,957.756000,-387.329638,957.756000
2941,957.756000,-425.348147,957.756000
2942,957.756000,-442.585809,957.756000
2943,957.756000,-526.393025,957.756000
2944,957.756000,-317.026990,957.756000
2945,957.756000,-82.733965,957.756000
2946,957.756000,-168.853000,957.756000
2947,957.756000,-473.726339,957.756000
2948,957.756000,-416.532997,957.756000
2949,957.756000,-292.944313,957.756000
2950,957.756000,-337.768533,957.756000
2951,957.756000,-381.985770,957.756000
2952,957.756000,-337.882711,957.756000
2953,957.756000,-524.308085,957.756000
2954,957.756000,-577.956872,957.756000
2955,957.756000,-576.386313,957.756000
2956,957.756000,-282.406322,957.756000
2957,957.756000,-259.588460,957.756000
2958,957.756000,-124.702535,957.756000
2959,957.756000,-299.521546,957.756000
2960,957.756000,-189.932387,957.756000
2961,957.756000,-308.162846,957.756000
2962,957.756000,-153.332458,957.756000
2963,957.756000,-242.522504,957.756000
2964,957.756000,-298.088832,957.756000
2965,957.756000,-494.750031,957.756000
2966,957.756000,-457.488088,957.756000
2967,957.756000,-275.983045,957.756000
2968,957.756000,-376.751010,957.756000
2969,957.756000,-299.601904,957.756000
2970,957.756000,-146.165468,957.756000
2971,957.756000,-342.072010,957.756000
2972,957.756000,-312.181467,957.756000
2973,957.756000,-397.044294,957.756000
2974,957.756000,-296.411999,957.756000
2975,957.756000,-481.042928,957.756000
2976,957.756000,-364.270738,957.756000
2977,957.756000,-429.935736,957.756000
2978,957.756000,-248.622981,957.756000
2979,957.756000,-351.898575,957.756000
2980,957.756000,-311.705873,957.756000
2981,957.756000,-293.991856,957.756000
2982,957.756000,-458.736921,957.756000
2983,957.756000,-282.133061,957.756000
2984,957.756000,-183.585663,957.756000
2985,957.756000,-266.575865,957.756000
2986,957.756000,-323.599825,957.756000
2987,957.756000,-496.576294,957.756000
2988,957.756000,-470.428823,957.756000
2989,957.756000,-477.289040,957.756000
2990,957.756000,-200.480940,957.756000
2991,957.756000,-438.125362,957.756000
2992,957.756000,-398.724154,957.756000
2993,957.756000,-392.231911,957.756000
2994,957.756000,-396.697754,957.756000
2995,957.756000,-264.073895,957.756000
2996,957.756000,-106.672496,957.756000
2997,957.756000,-304.898135,957.756000
2998,957.756000,-415.278099,957.756000
2999,957.756000,-415.492337,957.756000
3000,957.756000,-578.642428,957.756000
3001,957.756000,-482.357793,957.756000
3002,957.756000,-529.427171,957.756000
3003,957.756000,-430.584243,957.756000
3004,957.756000,-522.184077,957.756000
3005,957.756000,-401.557319,957.756000
3006,957.756000,-491.215219,957.756000
3007,957.756000,-362.659170,957.756000
3008,957.756000,-337.001390,957.756000
3009,957.756000,-265.540076,957.756000
3010,957.756000,-379.910023,957.756000
3011,957.756000,-421.344246,957.756000
3012,957.756000,-456.628941,957.756000
3013,957.756000,-330.771643,957.756000
3014,957.756000,-292.029105,957.756000
3015,957.756000,-411.071995,957.756000
3016,957.756000,-591.222234,957.756000
3017,957.756000,-399.512887,957.756000
3018,957.756000,-504.195060,957.756000
3019,957.756000,-468.468660,957.756000
3020,957.756000,-463.548217,957.756000
3021,957.756000,-276.687295,957.756000
3022,957.756000,-426.563133,957.756000
3023,957.756000,-205.656791,957.756000
3024,957.756000,-178.487540,957.756000
3025,957.756000,-282.820946,957.756000
3026,957.756000,-342.649429,957.756000
3027,957.756000,-462.918593,957.756000
3028,957.756000,-560.828702,957.756000
3029,957.756000,-485.731690,957.756000
3030,957.756000,-421.344030,957.756000
3031,957.756000,-392.575122,957.756000
3032,957.756000,-456.334239,957.756000
3033,957.756000,-438.057668,957.756000
3034,957.756000,-352.164652,957.756000
3035,957.756000,-234.903627,957.756000
3036,957.756000,-491.351749,957.756000
3037,957.756000,-379.812936,957.756000
3038,957.756000,-408.464689,957.756000
3039,957.756000,-428.905576,957.756000
3040,957.756000,-402.780295,957.756000
3041,957.756000,-483.253417,957.756000
3042,957.756000,-358.524070,957.756000
3043,957.756000,-363.982470,957.756000
3044,957.756000,-128.278500,957.756000
3045,957.756000,-382.415459,957.756000
3046,957.876333,-306.951141,957.876333
3047,957.876333,-403.271687,957.876333
3048,957.876333,-159.064697,957.876333
3049,957.876333,-160.234775,957.876333
3050,957.876333,-323.374473,957.876333
3051,957.876333,-529.363050,957.876333
3052,957.876333,-483.483927,957.876333
3053,957.876333,-469.623397,957.876333
3054,957.876333,-165.183180,957.876333
3055,957.876333,5.872824,957.876333
3056,957.876333,-114.553347,957.876333
3057,957.876333,-344.228680,957.876333
3058,957.876333,-401.980713,957.876333
3059,957.876333,-456.855794,957.876333
3060,957.876333,-381.753632,957.876333
3061,957.876333,-404.214791,957.876333
3062,957.876333,-392.847948,957.876333
3063,957.876333,-325.666217,957.876333
3064,957.876333,-124.957169,957.876333
3065,957.876333,-413.018568,957.876333
3066,957.876333,-315.996807,957.876333
3067,957.876333,-406.845659,957.876333
3068,957.876333,-74.313550,957.876333
3069,957.876333,-352.449190,957.876333
3070,957.876333,-350.837383,957.876333
3071,957.876333,-452.195553,957.876333
3072,957.876333,-552.125968,957.876333
3073,957.876333,-431.209753,957.876333
3074,957.876333,-465.956743,957.876333
3075,957.876333,-391.117738,957.876333
3076,957.876333,-484.244757,957.876333
3077,957.876333,-490.630720,957.876333
3078,957.876333,-477.923745,957.876333
3079,957.876333,-520.304081,957.876333
3080,957.876333,-214.960611,957.876333
3081,957.876333,-285.591119,957.876333
3082,957.876333,-278.682208,957.876333
3083,957.876333,-367.774621,957.876333
3084,957.876333,-421.996949,957.876333
3085,957.876333,-302.003046,957.876333
3086,957.876333,-475.149080,957.876333
3087,957.876333,-429.908876,957.876333
3088,957.876333,-436.666559,957.876333
3089,957.876333,-282.898833,957.876333
3090,957.876333,-435.415773,957.876333
3091,957.876333,-421.193489,957.876333
3092,957.876333,-363.055529,957.876333
3093,957.876333,-168.143433,957.876333
3094,957.876333,-564.209092,957.876333
3095,957.876333,-321.256191,957.876333
3096,957.876333,-538.017633,957.876333
3097,957.876333,-448.955045,957.876333
3098,957.876333,-656.767828,957.876333
3099,957.876333,-612.822031,957.876333
3100,957.876333,-350.113814,957.876333
3101,957.876333,-345.013609,957.876333
3102,957.876333,-380.820252,957.876333
3103,957.876333,-366.461140,957.876333
3104,957.876333,-139.638081,957.876333
3105,957.876333,-199.615917,957.876333
3106,957.876333,-182.321521,957.876333
3107,957.876333,-263.210704,957.876333
3108,957.876333,-148.579328,957.876333
3109,957.876333,-392.218656,957.876333
3110,957.876333,-359.269390,957.876333
3111,957.876333,-360.262262,957.876333
3112,957.876333,-493.268436,957.876333
3113,957.876333,-339.848086,957.876333
3114,957.876333,-372.510085,957.876333
3115,957.876333,-245.757494,957.876333
3116,957.876333,-485.438633,957.876333
3117,957.876333,-479.280149,957.876333
3118,957.876333,-571.840618,957.876333
3119,957.876333,-532.294341,957.876333
3120,957.876333,-651.668659,957.876333
3121,957.876333,-571.034378,957.876333
3122,957.876333,-500.300629,957.876333
3123,957.876333,-627.261581,957.876333
3124,957.876333,-373.509008,957.876333
3125,957.876333,-429.487687,957.876333
3126,957.876333,-386.407938,957.876333
3127,957.876333,-253.559725,957.876333
3128,957.876333,-314.005642,957.876333
3129,957.876333,-165.789818,957.876333
3130,957.876333,-142.564507,957.876333
3131,957.876333,-295.996948,957.876333
3132,957.876333,-308.090055,957.876333
3133,957.876333,-175.389769,957.876333
3134,957.876333,-237.904861,957.876333
3135,957.876333,-371.760715,957.876333
3136,957.876333,-352.063319,957.876333
3137,957.876333,-502.245085,957.876333
3138,957.876333,-391.722976,957.876333
3139,957.876333,-458.183867,957.876333
3140,957.876333,-438.008662,957.876333
3141,957.876333,-537.209383,957.876333
3142,957.876333,-485.114957,957.876333
3143,957.876333,-326.684368,957.876333
3144,957.876333,-191.822611,957.876333
3145,957.876333,-326.154575,957.876333
3146,957.876333,-510.249276,957.876333
3147,957.876333,-562.727938,957.876333
3148,957.876333,-511.915679,957.876333
3149,957.876333,-470.770413,957.876333
3150,957.876333,-531.260637,957.876333
3151,957.876333,-419.454052,957.876333
3152,957.876333,-481.511917,957.876333
3153,957.876333,-324.115021,957.876333
3154,957.876333,-465.514102,957.876333
3155,957.876333,-527.676163,957.876333
3156,957.876333,-565.363944,957.876333
3157,957.876333,-597.333569,957.876333
3158,957.876333,-489.793679,957.876333
3159,957.876333,-521.441821,957.876333
3160,957.876333,-460.606625,957.876333
3161,957.876333,-259.653992,957.876333
3162,957.876333,-229.797189,957.876333
3163,957.876333,-144.580450,957.876333
3164,957.876333,-284.352092,957.876333
3165,957.876333,-328.904693,957.876333
3166,957.876333,-249.467588,957.876333
3167,957.876333,-212.383800,957.876333
3168,957.876333,-422.762309,957.876333
3169,957.876333,-229.621278,957.876333
3170,957.876333,-326.268568,957.876333
3171,957.876333,-520.329230,957.876333
3172,957.876333,-481.673581,957.876333
3173,957.876333,-298.740367,957.876333
3174,957.876333,-467.538942,957.876333
3175,957.876333,-662.583888,957.876333
3176,957.876333,-421.235340,957.876333
3177,957.876333,-411.513119,957.876333
3178,957.876333,-378.426437,957.876333
3179,957.876333,-368.614527,957.876333
3180,957.876333,-389.041457,957.876333
3181,957.876333,-88.225693,957.876333
3182,957.876333,-392.105898,957.876333
3183,957.876333,-312.819309,957.876333
3184,957.876333,-186.859109,957.876333
3185,957.876333,-173.947825,957.876333
3186,957.876333,-273.680228,957.876333
3187,957.876333,-235.157802,957.876333
3188,957.876333,-320.286177,957.876333
3189,957.876333,-368.642577,957.876333
3190,957.876333,-242.410870,957.876333
3191,957.876333,-275.085336,957.876333
3192,957.876333,-291.192635,957.876333
3193,957.876333,-243.943063,957.876333
3194,957.876333,-158.432955,957.876333
3195,957.876333,-57.585338,957.876333
3196,957.876333,-201.097706,957.876333
3197,957.876333,-175.436110,957.876333
3198,957.876333,-386.306348,957.876333
3199,957.876333,-356.150993,957.876333
3200,957.876333,-289.157377,957.876333
3201,957.876333,-381.524903,957.876333
3202,957.876333,-484.116229,957.876333
3203,957.876333,-418.851253,957.876333
3204,957.876333,-418.145419,957.876333
3205,957.876333,-233.358783,957.876333
3206,957.876333,-404.194009,957.876333
3207,957.876333,-445.094182,957.876333
3208,957.876333,-360.952416,957.876333
3209,957.876333,-81.380737,957.876333
3210,957.876333,-539.341991,957.876333
3211,957.876333,-498.470951,957.876333
3212,957.876333,-576.417762,957.876333
3213,957.876333,-556.288383,957.876333
3214,957.876333,-400.165565,957.876333
3215,957.876333,-389.405782,957.876333
3216,957.876333,-242.594693,957.876333
3217,957.876333,-196.251701,957.876333
3218,957.876333,-462.583822,957.876333
3219,957.876333,-473.330847,957.876333
3220,957.876333,-356.829833,957.876333
3221,957.876333,-442.857771,957.876333
3222,957.876333,-423.868438,957.876333
3223,957.876333,-382.484810,957.876333
3224,957.876333,-227.261431,957.876333
3225,957.876333,-5.425054,957.876333
3226,957.876333,-264.276032,957.876333
3227,957.876333,-468.991558,957.876333
3228,957.876333,-497.922698,957.876333
3229,957.876333,-439.628429,957.876333
3230,957.876333,-482.944761,957.876333
3231,957.876333,-424.594747,957.876333
3232,957.876333,-432.484508,957.876333
3233,957.876333,-449.448687,957.876333
3234,957.876333,-357.216727,957.876333
3235,957.876333,-386.533856,957.876333
3236,957.876333,-182.887876,957.876333
3237,957.876333,-316.823984,957.876333
3238,957.876333,-399.227525,957.876333
3239,957.876333,-273.309277,957.876333
3240,957.876333,-183.495762,957.876333
3241,957.876333,-289.833838,957.876333
3242,957.876333,-331.786091,957.876333
3243,957.876333,-334.297058,957.876333
3244,957.876333,-531.626338,957.876333
3245,957.876333,-444.653817,957.876333
3246,957.876333,-481.253293,957.876333
3247,957.876333,-331.823830,957.876333
3248,957.876333,-527.587754,957.876333
3249,957.876333,-465.601029,957.876333
3250,957.876333,-466.107270,957.876333
3251,957.876333,-331.256911,957.876333
3252,957.876333,-559.024741,957.876333
3253,957.876333,-512.680179,957.876333
3254,957.876333,-546.255990,957.876333
3255,957.876333,-401.802573,957.876333
3256,957.876333,-413.009554,957.876333
3257,957.876333,-299.354183,957.876333
3258,957.876333,-558.773824,957.876333
3259,957.876333,-491.481311,957.876333
3260,957.876333,-487.050448,957.876333
3261,957.876333,-485.417813,957.876333
3262,957.876333,-518.226547,957.876333
3263,957.876333,-467.114984,957.876333
3264,957.876333,-211.819187,957.876333
3265,957.876333,-360.950928,957.876333
3266,957.876333,-396.785657,957.876333
3267,957.876333,-291.274257,957.876333
3268,957.876333,-274.698892,957.876333
3269,957.876333,-401.858099,957.876333
3270,957.876333,-425.314063,957.876333
3271,957.876333,-162.416576,957.876333
3272,957.876333,-245.850277,957.876333
3273,957.876333,-283.465421,957.876333
3274,958.148667,-244.257589,958.148667
3275,958.148667,-157.228059,958.148667
3276,958.148667,-399.559441,958.148667
3277,958.148667,-198.191898,958.148667
3278,958.148667,-109.212486,958.148667
3279,958.148667,-247.983503,958.148667
3280,958.148667,-351.435865,958.148667
3281,958.148667,-334.933238,958.148667
3282,958.148667,-271.684700,958.148667
3283,958.148667,-417.003227,958.148667
3284,958.148667,-426.794656,958.148667
3285,958.148667,-470.153999,958.148667
3286,958.148667,-514.319331,958.148667
3287,958.148667,-469.524462,958.148667
3288,958.148667,-377.013602,958.148667
3289,958.148667,-300.496905,958.148667
3290,958.148667,-308.383939,958.148667
3291,958.148667,-363.829722,958.148667
3292,958.148667,-470.227569,958.148667
3293,958.148667,-386.720632,958.148667
3294,958.148667,-269.812785,958.148667
3295,958.148667,-515.248117,958.148667
3296,958.148667,-419.731065,958.148667
3297,958.148667,-358.066202,958.148667
3298,958.148667,-162.111245,958.148667
3299,958.148667,-131.335507,958.148667
3300,958.148667,-125.222791,958.148667
3301,958.148667,-403.252428,958.148667
3302,958.148667,-371.552271,958.148667
3303,958.148667,-352.224755,958.148667
3304,958.148667,-278.805632,958.148667
3305,958.148667,-392.006066,958.148667
3306,958.148667,-143.510464,958.148667
3307,958.148667,-406.454314,958.148667
3308,958.148667,-493.412392,958.148667
3309,958.148667,-282.926667,958.148667
3310,958.148667,-206.222669,958.148667
3311,958.148667,-376.743807,958.148667
3312,958.148667,-400.182366,958.148667
3313,958.148667,-176.139820,958.148667
3314,958.148667,-423.484328,958.148667
3315,958.148667,-168.704184,958.148667
3316,958.148667,-103.856027,958.148667
3317,958.148667,-352.088414,958.148667
3318,958.148667,-470.455516,958.148667
3319,958.148667,-655.277772,958.148667
3320,958.148667,-537.766487,958.148667
3321,958.148667,-506.656800,958.148667
3322,958.148667,-450.548838,958.148667
3323,958.148667,-517.202662,958.148667
3324,958.148667,-359.852779,958.148667
3325,958.148667,-421.719941,958.148667
3326,958.148667,-64.914928,958.148667
3327,958.148667,-370.178187,958.148667
3328,958.148667,-357.769940,958.148667
3329,958.148667,-367.366121,958.148667
3330,958.148667,-222.210266,958.148667
3331,958.148667,-545.213476,958.148667
3332,958.148667,-456.542237,958.148667
3333,958.148667,-229.526629,958.148667
3334,958.148667,-354.264549,958.148667
3335,958.148667,-344.005330,958.148667
3336,958.148667,-386.964986,958.148667
3337,958.148667,-202.730818,958.148667
3338,958.148667,-330.298176,958.148667
3339,958.148667,-392.899777,958.148667
3340,958.148667,-479.496763,958.148667
3341,958.148667,-479.103704,958.148667
3342,958.148667,-280.852742,958.148667
3343,958.148667,-456.913602,958.148667
3344,958.148667,-547.443576,958.148667
3345,958.148667,-372.288086,958.148667
3346,958.148667,-404.075181,958.148667
3347,958.148667,-358.074966,958.148667
3348,958.148667,-312.265291,958.148667
3349,958.148667,-177.866049,958.148667
3350,958.148667,-497.017180,958.148667
3351,958.148667,-371.527651,958.148667
3352,958.148667,-495.280640,958.148667
3353,958.148667,-298.184180,958.148667
3354,958.148667,-469.935003,958.148667
3355,958.148667,-365.299138,958.148667
3356,958.148667,-293.549533,958.148667
3357,958.148667,-431.481300,958.148667
3358,958.148667,-512.175677,958.148667
3359,958.148667,-430.625538,958.148667
3360,958.148667,-654.251284,958.148667
3361,958.148667,-672.009885,958.148667
3362,958.148667,-569.487122,958.148667
3363,958.148667,-460.924136,958.148667
3364,958.148667,-524.095176,958.148667
3365,958.148667,-514.999693,958.148667
3366,958.148667,-336.258565,958.148667
3367,958.148667,-510.577260,958.148667
3368,958.148667,-427.302560,958.148667
3369,958.148667,-273.617553,958.148667
3370,958.148667,-478.027887,958.148667
3371,958.148667,-493.881238,958.148667
3372,958.148667,-500.521454,958.148667
3373,958.148667,-415.397408,958.148667
3374,958.148667,-289.207549,958.148667
3375,958.148667,-303.277895,958.148667
3376,958.148667,-493.628549,958.148667
3377,958.148667,-472.275682,958.148667
3378,958.148667,-281.499733,958.148667
3379,958.148667,-329.438348,958.148667
3380,958.148667,-470.548786,958.148667
3381,958.148667,-452.481107,958.148667
3382,958.148667,-402.199938,958.148667
3383,958.148667,-408.508002,958.148667
3384,958.148667,-525.372689,958.148667
3385,958.148667,-348.606800,958.148667
3386,958.148667,-564.936946,958.148667
3387,958.148667,-548.366972,958.148667
3388,958.148667,-435.905545,958.148667
3389,958.148667,-557.821276,958.148667
3390,958.148667,-417.879402,958.148667
3391,958.148667,-323.219440,958.148667
3392,958.148667,-304.719952,958.148667
3393,958.148667,-508.063512,958.148667
3394,958.148667,-372.281686,958.148667
3395,958.148667,-448.536933,958.148667
3396,958.148667,-468.358327,958.148667
3397,958.148667,-429.407714,958.148667
3398,958.148667,-372.199102,958.148667
3399,958.148667,-211.282569,958.148667
3400,958.148667,-485.482726,958.148667
3401,958.148667,-461.683898,958.148667
3402,958.148667,-517.493246,958.148667
3403,958.148667,-627.181489,958.148667
3404,958.148667,-461.768611,958.148667
3405,958.148667,-312.759371,958.148667
3406,958.148667,-269.271488,958.148667
3407,958.148667,-396.189281,958.148667
3408,958.148667,-546.337788,958.148667
3409,958.148667,-482.979882,958.148667
3410,958.148667,-581.603428,958.148667
3411,958.148667,-658.144836,958.148667
3412,958.148667,-537.819762,958.148667
3413,958.148667,-383.192898,958.148667
3414,958.148667,-453.549112,958.148667
3415,958.148667,-269.183044,958.148667
3416,958.148667,-384.902421,958.148667
3417,958.148667,-478.982980,958.148667
3418,958.148667,-451.284469,958.148667
3419,958.148667,-574.249380,958.148667
3420,958.148667,-312.774521,958.148667
3421,958.148667,-255.331392,958.148667
3422,958.148667,-282.268257,958.148667
3423,958.148667,-323.916828,958.148667
3424,958.148667,-229.931217,958.148667
3425,958.148667,-162.978501,958.148667
3426,958.148667,-241.347161,958.148667
3427,958.148667,-397.587858,958.148667
3428,958.148667,-572.836377,958.148667
3429,958.148667,-624.874248,958.148667
3430,958.148667,-669.318121,958.148667
3431,958.148667,-308.678792,958.148667
3432,958.148667,-381.395665,958.148667
3433,958.148667,-360.907088,958.148667
3434,958.148667,-489.485698,958.148667
3435,958.148667,-461.847004,958.148667
3436,958.148667,-217.067963,958.148667
3437,958.148667,26.294893,958.148667
3438,958.148667,-385.129525,958.148667
3439,958.148667,-320.691756,958.148667
3440,958.148667,-513.176198,958.148667
3441,958.148667,-423.551464,958.148667
3442,958.148667,-514.519014,958.148667
3443,958.148667,-239.576158,958.148667
3444,958.148667,-316.662755,958.148667
3445,958.148667,-252.414610,958.148667
3446,958.148667,-188.086982,958.148667
3447,958.148667,-558.257104,958.148667
3448,958.148667,-437.789049,958.148667
3449,958.148667,-455.765290,958.148667
3450,958.148667,-488.293295,958.148667
3451,958.148667,-394.603020,958.148667
3452,958.148667,-386.066636,958.148667
3453,958.148667,-290.778654,958.148667
3454,958.148667,-14.186775,958.148667
3455,958.148667,-347.533486,958.148667
3456,958.148667,-176.087245,958.148667
3457,958.148667,-584.688423,958.148667
3458,958.148667,-428.992377,958.148667
3459,958.148667,-435.382939,958.148667
3460,958.148667,-389.758712,958.148667
3461,958.148667,-443.810920,958.148667
3462,958.148667,-530.986751,958.148667
3463,958.148667,-478.293611,958.148667
3464,958.148667,-337.260689,958.148667
3465,958.148667,-365.188568,958.148667
3466,958.148667,-425.669144,958.148667
3467,958.148667,-464.634421,958.148667
3468,958.148667,-357.877114,958.148667
3469,958.148667,-284.798127,958.148667
3470,958.148667,-341.762361,958.148667
3471,958.148667,-364.456507,958.148667
3472,958.148667,-186.819007,958.148667
3473,958.148667,-401.631676,958.148667
3474,958.148667,-402.079904,958.148667
3475,958.148667,-347.338295,958.148667
3476,958.148667,-569.652685,958.148667
3477,958.148667,-517.188960,958.148667
3478,958.148667,-245.548612,958.148667
3479,958.148667,-261.814610,958.148667
3480,958.148667,-362.922523,958.148667
3481,958.148667,-357.066112,958.148667
3482,958.148667,-305.770757,958.148667
3483,958.148667,-285.200775,958.148667
3484,958.148667,-226.512391,958.148667
3485,958.148667,-348.917211,958.148667
3486,958.148667,-345.952470,958.148667
3487,958.148667,-352.679483,958.148667
3488,958.148667,-450.424155,958.148667
3489,958.148667,-240.809307,958.148667
3490,958.148667,-429.011389,958.148667
3491,958.148667,-415.194081,958.148667
3492,958.148667,-399.719782,958.148667
3493,958.148667,-515.505702,958.148667
3494,958.148667,-524.281735,958.148667
3495,958.148667,-277.883744,958.148667
3496,958.148667,-442.431712,958.148667
3497,958.148667,-442.808623,958.148667
3498,958.148667,-374.210318,958.148667
3499,958.148667,-369.445076,958.148667
3500,958.148667,-335.485994,958.148667
3501,958.148667,-439.606936,958.148667
3502,958.148667,-531.050265,958.148667
3503,958.148667,-169.558984,958.148667
3504,958.148667,-332.588450,958.148667
3505,958.148667,-446.296035,958.148667
3506,958.148667,-356.912225,958.148667
3507,958.148667,-212.311957,958.148667
3508,958.148667,-210.133545,958.148667
3509,958.148667,-239.992919,958.148667
3510,958.148667,-189.080662,958.148667
3511,958.148667,-185.043538,958.148667
3512,958.148667,-415.507306,958.148667
3513,958.148667,-253.743798,958.148667
3514,958.148667,-219.720733,958.148667
3515,958.148667,-499.689466,958.148667
3516,958.148667,-542.905851,958.148667
3517,958.148667,-329.990418,958.148667
3518,958.148667,-472.078179,958.148667
3519,958.148667,-479.703706,958.148667
3520,958.148667,-285.775354,958.148667
3521,958.148667,-265.045576,958.148667
3522,958.148667,-235.086931,958.148667
3523,958.148667,-253.127529,958.148667
3524,958.148667,-189.502423,958.148667
3525,958.148667,-276.999310,958.148667
3526,958.148667,-383.457101,958.148667
3527,958.148667,-366.385375,958.148667
3528,958.148667,-185.783289,958.148667
3529,958.148667,-264.418927,958.148667
3530,958.266000,-359.640709,958.266000
3531,958.266000,-257.643977,958.266000
3532,958.266000,-364.944723,958.266000
3533,958.266000,-255.253827,958.266000
3534,958.266000,-227.639847,958.266000
3535,958.266000,-224.604256,958.266000
3536,958.266000,-346.133769,958.266000
3537,958.266000,-214.614893,958.266000
3538,958.266000,-217.840638,958.266000
3539,958.266000,-346.421924,958.266000
3540,958.266000,-344.401004,958.266000
3541,958.266000,-208.427755,958.266000
3542,958.266000,-448.459620,958.266000
3543,958.266000,-510.170591,958.266000
3544,958.266000,-523.705796,958.266000
3545,958.266000,-535.778296,958.266000
3546,958.266000,-329.418338,958.266000
3547,958.583667,-395.123486,958.583667
3548,958.583667,-289.947709,958.583667
3549,958.583667,-365.270441,958.583667
3550,958.583667,-288.512337,958.583667
3551,958.583667,-445.186258,958.583667
3552,958.583667,-556.379584,958.583667
3553,958.583667,-443.228743,958.583667
3554,958.583667,-429.916710,958.583667
3555,958.583667,-200.659374,958.583667
3556,958.583667,-256.162985,958.583667
3557,958.583667,-177.640353,958.583667
3558,958.583667,-394.036371,958.583667
3559,958.583667,-273.039044,958.583667
3560,958.583667,-190.550612,958.583667
3561,958.583667,-157.669175,958.583667
3562,958.583667,-236.249857,958.583667
3563,958.583667,-204.331200,958.583667
3564,958.583667,-241.869257,958.583667
3565,958.583667,-326.588276,958.583667
3566,958.583667,-560.304318,958.583667
3567,958.583667,-362.001139,958.583667
3568,958.583667,-340.112403,958.583667
3569,958.583667,-262.184456,958.583667
3570,958.583667,-385.871585,958.583667
3571,958.583667,-417.253047,958.583667
3572,958.583667,-438.375332,958.583667
3573,958.583667,-450.660663,958.583667
3574,958.583667,-346.436906,958.583667
3575,958.583667,-185.362812,958.583667
3576,958.583667,-165.186783,958.583667
3577,958.583667,-285.999295,958.583667
3578,958.583667,-383.381265,958.583667
3579,958.583667,-288.042970,958.583667
3580,958.583667,-385.147098,958.583667
3581,958.583667,-157.622175,958.583667
3582,958.583667,-384.015373,958.583667
3583,958.583667,-273.126495,958.583667
3584,958.583667,-379.543749,958.583667
3585,958.583667,-192.351372,958.583667
3586,958.583667,-410.212657,958.583667
3587,958.583667,-351.689858,958.583667
3588,958.583667,-487.996347,958.583667
3589,958.583667,-347.608415,958.583667
3590,958.583667,-353.592142,958.583667
3591,958.583667,-365.121835,958.583667
3592,958.583667,-282.949949,958.583667
3593,958.583667,-492.449654,958.583667
3594,958.583667,-385.332165,958.583667
3595,958.583667,-388.934907,958.583667
3596,958.583667,-356.880601,958.583667
3597,958.583667,-281.045079,958.583667
3598,958.583667,-366.581575,958.583667
3599,958.583667,-359.887454,958.583667
3600,958.583667,-159.364443,958.583667
3601,958.583667,-457.415333,958.583667
3602,958.583667,-508.502097,958.583667
3603,958.583667,-510.010011,958.583667
3604,958.583667,-533.967432,958.583667
3605,958.583667,-397.267279,958.583667
3606,958.583667,-334.137251,958.583667
3607,958.583667,-177.224302,958.583667
3608,958.583667,-330.333439,958.583667
3609,958.583667,-303.913476,958.583667
3610,958.583667,-387.381752,958.583667
3611,958.583667,-263.650914,958.583667
3612,958.583667,-529.143369,958.583667
3613,958.583667,-412.142564,958.583667
3614,958.583667,-329.396057,958.583667
3615,958.583667,-399.188418,958.583667
3616,958.583667,-445.032810,958.583667
3617,958.583667,-279.571112,958.583667
3618,958.583667,-316.594084,958.583667
3619,958.583667,-375.668571,958.583667
3620,958.583667,-418.293384,958.583667
3621,958.583667,-400.649748,958.583667
3622,958.583667,-406.123979,958.583667
3623,958.583667,-440.564497,958.583667
3624,958.583667,-424.451428,958.583667
3625,958.583667,-478.166463,958.583667
3626,958.583667,-318.236736,958.583667
3627,958.583667,-233.360372,958.583667
3628,958.583667,-386.375886,958.583667
3629,958.583667,-442.135449,958.583667
3630,958.583667,-478.375939,958.583667
3631,958.583667,-357.759296,958.583667
3632,958.583667,-169.879934,958.583667
3633,958.583667,-254.376198,958.583667
3634,958.583667,-132.525088,958.583667
3635,958.583667,-366.115361,958.583667
3636,958.583667,-442.038553,958.583667
3637,958.583667,-494.231562,958.583667
3638,958.583667,-479.696140,958.583667
3639,958.583667,-469.459921,958.583667
3640,958.583667,-341.629718,958.583667
3641,958.583667,-280.077665,958.583667
3642,958.583667,-313.990365,958.583667
3643,958.583667,-331.439917,958.583667
3644,958.583667,-192.488864,958.583667
3645,958.583667,-401.237060,958.583667
3646,958.583667,-472.527182,958.583667
3647,958.583667,-289.240932,958.583667
3648,958.583667,-517.841585,958.583667
3649,958.583667,-407.795891,958.583667
3650,958.583667,-371.508623,958.583667
3651,958.583667,-202.284593,958.583667
3652,958.583667,-344.746534,958.583667
3653,958.583667,-247.289963,958.583667
3654,958.583667,-305.965780,958.583667
3655,958.583667,-189.164858,958.583667
3656,958.583667,-413.568906,958.583667
3657,958.583667,-221.079990,958.583667
3658,958.583667,-102.946664,958.583667
3659,958.583667,-256.723986,958.583667
3660,958.583667,-275.228928,958.583667
3661,958.583667,-390.878905,958.583667
3662,958.583667,-314.473626,958.583667
3663,958.583667,-322.477653,958.583667
3664,959.124667,-234.866346,959.124667
3665,959.124667,-303.105114,959.124667
3666,959.124667,19.644682,959.124667
3667,959.124667,-237.786518,959.124667
3668,959.124667,-219.281558,959.124667
3669,959.124667,-253.042678,959.124667
3670,959.124667,-317.586860,959.124667
3671,959.124667,-311.234480,959.124667
3672,959.124667,-381.655966,959.124667
3673,959.124667,-358.745641,959.124667
3674,959.124667,-574.747227,959.124667
3675,959.124667,-367.957089,959.124667
3676,959.124667,-348.265068,959.124667
3677,959.124667,-402.012108,959.124667
3678,959.124667,-614.661576,959.124667
3679,959.124667,-510.874534,959.124667
3680,959.124667,-456.301822,959.124667
3681,959.124667,-352.764945,959.124667
3682,959.124667,-428.018258,959.124667
3683,959.124667,-546.184150,959.124667
3684,959.124667,-403.345254,959.124667
3685,959.124667,-302.865127,959.124667
3686,959.124667,-433.981571,959.124667
3687,959.124667,-188.736180,959.124667
3688,959.124667,-267.294232,959.124667
3689,959.124667,-389.918643,959.124667
3690,959.124667,-392.355698,959.124667
3691,959.124667,-497.084986,959.124667
3692,959.124667,-355.784049,959.124667
3693,959.124667,-173.726579,959.124667
3694,959.124667,-315.113776,959.124667
3695,959.124667,-362.774413,959.124667
3696,959.124667,-265.852097,959.124667
3697,959.124667,-252.298976,959.124667
3698,959.124667,-286.527454,959.124667
3699,959.124667,-319.038527,959.124667
3700,959.124667,-144.787003,959.124667
3701,959.124667,-440.353219,959.124667
3702,959.124667,-498.263222,959.124667
3703,959.124667,-346.693146,959.124667
3704,959.124667,-298.973989,959.124667
3705,959.124667,-395.012021,959.124667
3706,959.124667,-543.001884,959.124667
3707,959.124667,-440.829874,959.124667
3708,959.124667,-448.126695,959.124667
3709,959.124667,-494.642241,959.124667
3710,959.124667,-430.883209,959.124667
3711,959.124667,-455.582276,959.124667
3712,959.124667,-429.490492,959.124667
3713,959.124667,-478.210699,959.124667
3714,959.124667,-430.074965,959.124667
3715,959.124667,-241.647227,959.124667
3716,959.124667,-442.116190,959.124667
3717,959.124667,-414.558217,959.124667
3718,959.124667,-436.752514,959.124667
3719,959.124667,-312.679444,959.124667
3720,959.124667,-372.428651,959.124667
3721,959.124667,-322.108249,959.124667
3722,959.124667,-423.903902,959.124667
3723,959.124667,-414.608743,959.124667
3724,959.124667,-322.024046,959.124667
3725,959.124667,-363.431224,959.124667
3726,959.124667,-411.857130,959.124667
3727,959.124667,-252.328909,959.124667
3728,959.124667,-457.763448,959.124667
3729,959.124667,-178.343639,959.124667
3730,959.124667,-343.227179,959.124667
3731,959.124667,-389.735677,959.124667
3732,959.124667,-266.882494,959.124667
3733,959.124667,-239.009702,959.124667
3734,959.124667,-381.421825,959.124667
3735,959.124667,-310.437968,959.124667
3736,959.124667,-266.115190,959.124667
3737,959.124667,-357.221564,959.124667
3738,959.124667,-66.835480,959.124667
3739,959.124667,-181.847144,959.124667
3740,959.124667,-394.763739,959.124667
3741,959.124667,-589.004830,959.124667
3742,959.124667,-358.234846,959.124667
3743,959.124667,-296.042326,959.124667
3744,959.124667,-312.249834,959.124667
3745,959.124667,-549.165607,959.124667
3746,959.124667,-441.616558,959.124667
3747,959.124667,-509.381311,959.124667
3748,959.124667,-287.902692,959.124667
3749,959.124667,-208.525824,959.124667
3750,959.124667,-137.114649,959.124667
3751,959.124667,-263.907353,959.124667
3752,959.124667,-171.552879,959.124667
3753,959.124667,-154.139475,959.124667
3754,959.124667,-153.326622,959.124667
3755,959.124667,-118.297619,959.124667
3756,959.124667,-296.072831,959.124667
3757,959.124667,-275.548639,959.124667
3758,959.124667,-314.920376,959.124667
3759,959.124667,-337.343763,959.124667
3760,959.124667,-185.483303,959.124667
3761,959.124667,-218.905408,959.124667
3762,959.124667,-323.061265,959.124667
3763,959.124667,-425.923893,959.124667
3764,959.124667,-337.556297,959.124667
3765,959.124667,-417.546557,959.124667
3766,959.124667,-429.807699,959.124667
3767,959.124667,-614.415890,959.124667
3768,959.124667,-400.034606,959.124667
3769,959.124667,-333.241497,959.124667
3770,959.124667,-335.455976,959.124667
3771,959.124667,-387.659393,959.124667
3772,959.124667,-166.519324,959.124667
3773,959.124667,-282.194020,959.124667
3774,959.124667,-300.837013,959.124667
3775,959.124667,-300.473283,959.124667
3776,959.124667,-365.592352,959.124667
3777,959.124667,-248.734025,959.124667
3778,959.124667,-137.500836,959.124667
3779,959.124667,-312.797994,959.124667
3780,959.124667,-281.889575,959.124667
3781,959.124667,-313.216172,959.124667
3782,959.124667,-311.809274,959.124667
3783,959.124667,-457.527800,959.124667
3784,959.124667,-397.593096,959.124667
3785,959.124667,-444.641795,959.124667
3786,959.124667,-457.357219,959.124667
3787,959.124667,-361.679970,959.124667
3788,959.124667,-241.648224,959.124667
3789,959.124667,-427.140397,959.124667
3790,959.124667,-440.787757,959.124667
3791,959.124667,-244.410961,959.124667
3792,959.124667,-321.542152,959.124667
3793,959.124667,-276.781942,959.124667
3794,959.124667,-147.367178,959.124667
3795,959.124667,22.332600,959.124667
3796,959.124667,-148.816950,959.124667
3797,959.124667,-184.929211,959.124667
3798,959.124667,-669.394646,959.124667
3799,959.124667,-491.006046,959.124667
3800,959.124667,-445.197391,959.124667
3801,959.124667,-344.901933,959.124667
3802,959.124667,-310.966475,959.124667
3803,959.124667,32.038591,959.124667
3804,959.124667,-428.454218,959.124667
3805,959.124667,-462.876150,959.124667
3806,959.124667,-616.505032,959.124667
3807,959.124667,-485.896057,959.124667
3808,959.124667,-221.084240,959.124667
3809,959.124667,-166.181539,959.124667
3810,959.124667,-282.673811,959.124667
3811,959.124667,-393.749749,959.124667
3812,959.124667,-226.039584,959.124667
3813,959.124667,-652.139409,959.124667
3814,959.124667,-482.256289,959.124667
3815,959.124667,-523.723918,959.124667
3816,959.124667,-568.513425,959.124667
3817,959.124667,-348.388457,959.124667
3818,959.124667,-290.013286,959.124667
3819,959.124667,-335.654803,959.124667
3820,959.124667,-362.264041,959.124667
3821,959.124667,-372.714959,959.124667
3822,959.124667,-448.224104,959.124667
3823,959.124667,-388.289476,959.124667
3824,959.124667,-346.223765,959.124667
3825,959.124667,-303.201245,959.124667
3826,959.124667,-660.566736,959.124667
3827,959.124667,-628.747223,959.124667
3828,959.124667,-499.682391,959.124667
3829,959.124667,-456.741746,959.124667
3830,959.124667,-415.210428,959.124667
3831,959.124667,-583.348352,959.124667
3832,959.124667,-547.385320,959.124667
3833,959.124667,-560.278983,959.124667
3834,959.124667,-408.062812,959.124667
3835,959.124667,-283.800091,959.124667
3836,959.124667,-422.033560,959.124667
3837,959.124667,-402.586125,959.124667
3838,959.124667,-252.433177,959.124667
3839,959.124667,-439.823461,959.124667
3840,959.124667,-247.580507,959.124667
3841,959.124667,-149.679249,959.124667
3842,959.124667,-285.999733,959.124667
3843,959.124667,-326.637501,959.124667
3844,959.124667,-529.714966,959.124667
3845,959.124667,-321.399598,959.124667
3846,959.124667,-368.177312,959.124667
3847,959.124667,-243.877814,959.124667
3848,959.124667,-298.038224,959.124667
3849,959.124667,-168.856494,959.124667
3850,959.124667,-272.197770,959.124667
3851,959.124667,-273.182495,959.124667
3852,959.124667,-329.560564,959.124667
3853,959.124667,-287.597950,959.124667
3854,959.124667,-360.625869,959.124667
3855,959.124667,-236.125830,959.124667
3856,959.124667,-302.022216,959.124667
3857,959.124667,-427.996324,959.124667
3858,959.124667,-185.987921,959.124667
3859,959.124667,-183.180227,959.124667
3860,959.124667,-357.942124,959.124667
3861,959.124667,-307.565298,959.124667
3862,959.124667,-550.563647,959.124667
3863,959.124667,-581.954996,959.124667
3864,959.124667,-593.666902,959.124667
3865,959.124667,-608.894493,959.124667
3866,959.124667,-385.020713,959.124667
3867,959.124667,-368.075490,959.124667
3868,959.124667,-389.429207,959.124667
3869,959.124667,-90.889073,959.124667
3870,959.124667,-406.082909,959.124667
3871,959.124667,-524.161465,959.124667
3872,959.124667,-358.560291,959.124667
3873,959.124667,-345.381304,959.124667
3874,959.124667,-372.414594,959.124667
3875,959.124667,-306.498238,959.124667
3876,959.124667,-251.436752,959.124667
3877,959.124667,-280.355311,959.124667
3878,959.124667,-367.789667,959.124667
3879,959.124667,-401.341388,959.124667
3880,959.124667,-522.214111,959.124667
3881,959.124667,-405.244046,959.124667
3882,959.124667,-418.120584,959.124667
3883,959.124667,-339.580810,959.124667
3884,959.124667,-499.260243,959.124667
3885,959.124667,-480.139246,959.124667
3886,959.124667,-431.579837,959.124667
3887,959.124667,-317.962701,959.124667
3888,959.124667,-420.119065,959.124667
3889,959.124667,-125.066974,959.124667
3890,959.124667,-429.692542,959.124667
3891,959.124667,-294.688702,959.124667
3892,959.124667,-547.440432,959.124667
3893,959.124667,-627.385825,959.124667
3894,959.124667,-638.457154,959.124667
3895,959.124667,-557.465838,959.124667
3896,959.124667,-568.104645,959.124667
3897,959.124667,-388.946754,959.124667
3898,959.124667,-269.446479,959.124667
3899,959.124667,-435.199752,959.124667
3900,959.124667,-373.836006,959.124667
3901,959.124667,-280.818674,959.124667
3902,959.124667,-368.943516,959.124667
3903,959.124667,-378.211926,959.124667
3904,959.124667,-546.039462,959.124667
3905,959.124667,-529.614357,959.124667
3906,959.124667,-285.308441,959.124667
3907,959.124667,-285.833839,959.124667
3908,959.124667,-478.931210,959.124667
3909,959.124667,-520.594002,959.124667
3910,959.124667,-334.185893,959.124667
3911,959.124667,-211.420386,959.124667
3912,959.124667,-238.829450,959.124667
3913,959.124667,-273.067836,959.124667
3914,959.124667,-520.230595,959.124667
3915,959.124667,-220.095694,959.124667
3916,959.124667,-383.087671,959.124667
3917,959.124667,-316.648159,959.124667
3918,959.124667,-416.087976,959.124667
3919,959.124667,-257.641878,959.124667
3920,959.124667,-528.220600,959.124667
3921,959.124667,-612.777971,959.124667
3922,959.124667,-408.464849,959.124667
3923,959.124667,-612.515195,959.124667
3924,959.124667,-538.016022,959.124667
3925,959.124667,-481.135523,959.124667
3926,959.124667,-469.193953,959.124667
3927,959.124667,-343.725528,959.124667
3928,959.124667,-542.468061,959.124667
3929,959.124667,-683.444588,959.124667
3930,959.124667,-494.429967,959.124667
3931,959.124667,-492.975770,959.124667
3932,959.124667,-539.409681,959.124667
3933,959.124667,-459.245073,959.124667
3934,959.124667,-605.612555,959.124667
3935,959.124667,-490.693892,959.124667
3936,959.124667,-364.891380,959.124667
3937,959.380667,-227.280044,959.380667
3938,959.380667,-328.557008,959.380667
3939,959.380667,-348.164701,959.380667
3940,959.380667,-256.013609,959.380667
3941,959.380667,-221.835763,959.380667
3942,959.380667,-392.360421,959.380667
3943,959.380667,-506.491673,959.380667
3944,959.380667,-383.183727,959.380667
3945,959.380667,-314.506596,959.380667
3946,959.380667,-82.985773,959.380667
3947,959.380667,-445.878751,959.380667
3948,959.380667,-417.484894,959.380667
3949,959.380667,-358.847202,959.380667
3950,959.380667,-164.371111,959.380667
3951,959.380667,-441.208116,959.380667
3952,959.380667,-106.222485,959.380667
3953,959.380667,-283.460846,959.380667
3954,959.380667,-339.648142,959.380667
3955,959.380667,-303.278792,959.380667
3956,959.380667,-611.969948,959.380667
3957,959.380667,-450.755518,959.380667
3958,959.380667,-346.668086,959.380667
3959,959.380667,-482.791312,959.380667
3960,959.380667,-579.168159,959.380667
3961,959.380667,-398.358712,959.380667
3962,959.386333,-377.990317,959.386333
3963,959.386333,-430.549659,959.386333
3964,959.386333,-542.045403,959.386333
3965,959.386333,-445.199976,959.386333
3966,959.386333,-406.528244,959.386333
3967,959.386333,-299.329825,959.386333
3968,959.386333,-290.792179,959.386333
3969,959.386333,-257.626546,959.386333
3970,959.386333,-388.030057,959.386333
3971,959.386333,-210.226620,959.386333
3972,959.386333,-263.517118,959.386333
3973,959.386333,-426.879001,959.386333
3974,959.386333,-379.594646,959.386333
3975,959.386333,-581.322810,959.386333
3976,959.386333,-557.351020,959.386333
3977,959.386333,-408.461700,959.386333
3978,959.386333,-251.131454,959.386333
3979,959.386333,-377.727036,959.386333
3980,959.386333,-272.164932,959.386333
3981,959.386333,-399.886992,959.386333
3982,959.386333,-123.133295,959.386333
3983,959.386333,-302.515885,959.386333
3984,959.386333,-278.699553,959.386333
3985,959.386333,-509.553572,959.386333
3986,959.386333,-532.503922,959.386333
3987,959.386333,-237.982985,959.386333
3988,959.386333,-273.277256,959.386333
3989,959.386333,-258.953331,959.386333
3990,959.386333,-323.494261,959.386333
3991,959.386333,-291.415929,959.386333
3992,959.386333,-303.895163,959.386333
3993,959.386333,-456.341053,959.386333
3994,959.386333,-302.233316,959.386333
3995,959.386333,-493.698079,959.386333
3996,959.386333,-487.403572,959.386333
3997,959.386333,-562.732473,959.386333
3998,959.386333,-289.167525,959.386333
3999,959.386333,-339.031477,959.386333
4000,959.386333,-260.570978,959.386333
4001,959.386333,-325.723518,959.386333
4002,959.386333,-357.717234,959.386333
4003,959.386333,-358.148711,959.386333
4004,959.386333,-499.672990,959.386333
4005,959.386333,-500.626259,959.386333
4006,959.386333,-369.381667,959.386333
4007,959.386333,-581.558000,959.386333
4008,959.386333,-534.946864,959.386333
4009,959.386333,-349.758948,959.386333
4010,959.386333,-461.748153,959.386333
4011,959.386333,-398.575105,959.386333
4012,959.386333,-121.531549,959.386333
4013,959.386333,-8.039391,959.386333
4014,959.386333,-165.710516,959.386333
4015,959.394667,-318.874784,959.394667
4016,959.394667,-240.468837,959.394667
4017,959.394667,-311.465674,959.394667
4018,959.394667,-313.837179,959.394667
4019,959.394667,-351.555627,959.394667
4020,959.394667,-322.913289,959.394667
4021,959.394667,-265.939802,959.394667
4022,959.394667,-260.701276,959.394667
4023,959.394667,-334.622471,959.394667
4024,959.394667,-245.166170,959.394667
4025,959.394667,-269.519280,959.394667
4026,959.394667,-261.665488,959.394667
4027,959.394667,-243.464653,959.394667
4028,959.394667,-407.896739,959.394667
4029,959.394667,-372.190020,959.394667
4030,959.394667,-168.040945,959.394667
4031,959.394667,-455.654553,959.394667
4032,959.394667,-441.355531,959.394667
4033,959.394667,-339.954828,959.394667
4034,959.394667,-228.245057,959.394667
4035,959.394667,-232.794473,959.394667
4036,959.394667,-394.523579,959.394667
4037,959.394667,-504.540347,959.394667
4038,959.394667,-493.055711,959.394667
4039,959.394667,-283.324749,959.394667
4040,959.394667,-250.937210,959.394667
4041,959.400000,-242.881139,959.400000
4042,959.400000,-211.108555,959.400000
4043,959.400000,-189.831514,959.400000
4044,959.400000,-378.052875,959.400000
4045,959.400000,-443.295221,959.400000
4046,959.400000,-464.155452,959.400000
4047,959.400000,-468.987256,959.400000
4048,959.400000,-397.237622,959.400000
4049,959.400000,-333.636100,959.400000
4050,959.400000,-222.593167,959.400000
4051,959.400000,-184.377218,959.400000
4052,959.400000,-316.676628,959.400000
4053,959.400000,-166.802790,959.400000
4054,959.400000,-376.786257,959.400000
4055,959.400000,-485.074512,959.400000
4056,959.400000,-384.783070,959.400000
4057,959.400000,-458.898826,959.400000
4058,959.400000,-487.186414,959.400000
4059,959.400000,-458.944690,959.400000
4060,959.400000,-503.283743,959.400000
4061,959.830333,-244.708975,959.830333
4062,959.830333,-218.543548,959.830333
4063,959.830333,-241.405236,959.830333
4064,959.830333,-416.755237,959.830333
4065,959.830333,-323.816587,959.830333
4066,959.830333,-463.657715,959.830333
4067,959.830333,-382.551692,959.830333
4068,959.830333,-496.881901,959.830333
4069,959.830333,-367.810041,959.830333
4070,959.830333,-350.240070,959.830333
4071,959.830333,-531.211201,959.830333
4072,959.830333,-467.956062,959.830333
4073,959.830333,-323.602227,959.830333
4074,959.830333,-325.939080,959.830333
4075,959.830333,-360.680876,959.830333
4076,959.830333,-279.541147,959.830333
4077,959.830333,-422.189277,959.830333
4078,959.830333,-239.237027,959.830333
4079,959.830333,-406.887488,959.830333
4080,959.830333,-402.254129,959.830333
4081,959.830333,-386.362761,959.830333
4082,959.830333,-218.083444,959.830333
4083,959.830333,-405.935071,959.830333
4084,959.830333,-360.927019,959.830333
4085,959.830333,-491.898210,959.830333
4086,959.830333,-398.697106,959.830333
4087,959.830333,-332.537685,959.830333
4088,959.830333,-315.406129,959.830333
4089,959.830333,-380.165270,959.830333
4090,959.830333,-252.351267,959.830333
4091,959.830333,-294.038581,959.830333
4092,959.830333,-262.336941,959.830333
4093,959.830333,-443.799699,959.830333
4094,959.830333,-340.787026,959.830333
4095,959.830333,-522.781582,959.830333
4096,959.830333,-442.535423,959.830333
4097,959.830333,-396.837303,959.830333
4098,959.830333,-515.492115,959.830333
4099,959.830333,-492.712225,959.830333
4100,959.830333,-542.766509,959.830333
4101,959.830333,-514.488339,959.830333
4102,959.830333,-239.140124,959.830333
4103,959.830333,-92.681930,959.830333
4104,959.830333,-206.538271,959.830333
4105,959.830333,-276.946215,959.830333
4106,959.830333,-222.671343,959.830333
4107,959.830333,-357.860969,959.830333
4108,959.830333,-425.196381,959.830333
4109,959.830333,-355.920805,959.830333
4110,959.830333,-503.724811,959.830333
4111,959.830333,-392.541909,959.830333
4112,959.830333,-567.419933,959.830333
4113,959.830333,-195.712348,959.830333
4114,959.830333,-302.327840,959.830333
4115,959.830333,-424.278864,959.830333
4116,959.830333,-215.441840,959.830333
4117,959.830333,-452.640501,959.830333
4118,959.830333,-174.948403,959.830333
4119,959.830333,-305.931979,959.830333
4120,959.830333,-308.129155,959.830333
4121,959.830333,-408.448505,959.830333
4122,959.830333,-92.126155,959.830333
4123,959.830333,-303.633350,959.830333
4124,959.830333,-243.976528,959.830333
4125,959.830333,-281.842153,959.830333
4126,959.830333,-415.932370,959.830333
4127,959.830333,-382.941120,959.830333
4128,959.830333,-513.988034,959.830333
4129,959.830333,-454.662892,959.830333
4130,959.830333,-427.520722,959.830333
4131,959.830333,-453.528945,959.830333
4132,959.830333,-422.532806,959.830333
4133,959.830333,-416.340784,959.830333
4134,959.830333,-226.060843,959.830333
4135,959.830333,-389.322818,959.830333
4136,959.830333,-475.269152,959.830333
4137,959.830333,-589.119878,959.830333
4138,959.830333,-381.444899,959.830333
4139,959.830333,-474.282340,959.830333
4140,959.830333,-409.343787,959.830333
4141,959.830333,-376.265735,959.830333
4142,959.830333,-366.778199,959.830333
4143,959.830333,-630.804248,959.830333
4144,959.830333,-442.164966,959.830333
4145,959.830333,-303.027790,959.830333
4146,959.830333,-200.960818,959.830333
4147,959.830333,-297.952038,959.830333
4148,959.830333,-450.717170,959.830333
4149,959.830333,-498.811604,959.830333
4150,959.830333,-453.808087,959.830333
4151,959.830333,-487.266051,959.830333
4152,959.830333,-453.799927,959.830333
4153,959.830333,-466.740030,959.830333
4154,959.830333,-453.924142,959.830333
4155,959.830333,-474.346293,959.830333
4156,959.830333,-247.285558,959.830333
4157,959.830333,-418.474004,959.830333
4158,959.830333,-395.511814,959.830333
4159,959.830333,-403.911035,959.830333
4160,959.830333,-392.114647,959.830333
4161,959.830333,-294.568574,959.830333
4162,959.830333,-181.346175,959.830333
4163,959.830333,-293.498383,959.830333
4164,959.830333,-521.309583,959.830333
4165,959.830333,-560.399490,959.830333
4166,959.830333,-460.867218,959.830333
4167,959.830333,-391.799650,959.830333
4168,959.830333,-378.775759,959.830333
4169,959.830333,-304.828775,959.830333
4170,959.830333,-500.314001,959.830333
4171,959.830333,-567.052342,959.830333
4172,959.830333,-466.238501,959.830333
4173,959.830333,-354.289387,959.830333
4174,959.830333,-303.109782,959.830333
4175,959.830333,-287.166504,959.830333
4176,959.830333,-319.846381,959.830333
4177,959.830333,-405.756809,959.830333
4178,959.830333,-445.913509,959.830333
4179,959.830333,-472.595314,959.830333
4180,959.830333,-511.243964,959.830333
4181,959.830333,-558.874288,959.830333
4182,959.830333,-370.347878,959.830333
4183,959.830333,-289.787059,959.830333
4184,959.830333,-246.233972,959.830333
4185,959.830333,-424.568335,959.830333
4186,959.830333,-510.872495,959.830333
4187,959.830333,-326.657697,959.830333
4188,959.830333,-455.797675,959.830333
4189,959.830333,-390.657317,959.830333
4190,959.830333,-318.975663,959.830333
4191,959.830333,-393.166879,959.830333
4192,959.830333,-493.511940,959.830333
4193,959.830333,-280.223339,959.830333
4194,959.830333,-493.297901,959.830333
4195,959.830333,-465.747574,959.830333
4196,959.830333,-477.638596,959.830333
4197,959.830333,-247.801746,959.830333
4198,959.830333,-611.506374,959.830333
4199,959.830333,-596.792780,959.830333
4200,959.830333,-267.173663,959.830333
4201,959.830333,-200.557765,959.830333
4202,959.830333,-268.942132,959.830333
4203,959.830333,-306.980240,959.830333
4204,959.830333,-376.285403,959.830333
4205,959.830333,-431.012057,959.830333
4206,959.830333,-482.340965,959.830333
4207,959.830333,-381.789945,959.830333
4208,959.830333,-417.339224,959.830333
4209,959.830333,-560.807210,959.830333
4210,959.830333,-394.689661,959.830333
4211,959.830333,-417.013537,959.830333
4212,959.830333,-175.235569,959.830333
4213,959.830333,-331.226726,959.830333
4214,959.830333,-453.931449,959.830333
4215,959.830333,-244.585166,959.830333
4216,959.830333,-299.707461,959.830333
4217,959.830333,-414.854145,959.830333
4218,959.830333,-533.366925,959.830333
4219,959.830333,-391.283045,959.830333
4220,959.830333,-276.997781,959.830333
4221,959.830333,-320.198486,959.830333
4222,959.830333,-467.617874,959.830333
4223,959.830333,-347.554061,959.830333
4224,959.830333,-300.893201,959.830333
4225,959.830333,-105.934646,959.830333
4226,959.830333,-488.517860,959.830333
4227,959.915333,-390.275877,959.915333
4228,959.915333,-363.431996,959.915333
4229,959.915333,-484.767155,959.915333
4230,959.915333,-585.486962,959.915333
4231,959.915333,-424.181164,959.915333
4232,959.915333,-401.175134,959.915333
4233,959.915333,-405.832708,959.915333
4234,959.915333,-313.183117,959.915333
4235,959.915333,-213.291588,959.915333
4236,959.915333,-155.644805,959.915333
4237,959.915333,-201.783908,959.915333
4238,959.915333,-301.121935,959.915333
4239,959.915333,-261.028350,959.915333
4240,959.915333,-277.052895,959.915333
4241,959.915333,-301.964677,959.915333
4242,959.915333,-237.179263,959.915333
4243,959.915333,-408.542932,959.915333
4244,959.915333,-252.393496,959.915333
4245,959.915333,-397.553288,959.915333
4246,959.915333,-290.824479,959.915333
4247,959.915333,-405.128392,959.915333
4248,959.915333,-415.654633,959.915333
4249,959.915333,-173.285693,959.915333
4250,959.915333,-48.217290,959.915333
4251,959.915333,-435.679543,959.915333
4252,959.915333,-322.226991,959.915333
4253,959.915333,-344.208805,959.915333
4254,959.915333,-500.738949,959.915333
4255,959.915333,-528.725370,959.915333
4256,959.915333,-493.845668,959.915333
4257,959.915333,-291.626615,959.915333
4258,959.915333,-206.921953,959.915333
4259,961.109000,-501.935541,961.109000
4260,961.109000,-450.330126,961.109000
4261,961.109000,-224.987046,961.109000
4262,961.109000,-153.357178,961.109000
4263,961.109000,-352.001991,961.109000
4264,961.109000,-248.537248,961.109000
4265,961.109000,-318.092991,961.109000
4266,961.109000,-448.095375,961.109000
4267,961.109000,-253.570775,961.109000
4268,961.109000,-290.703979,961.109000
4269,961.109000,-431.151239,961.109000
4270,961.109000,-288.046147,961.109000
4271,961.109000,-485.299489,961.109000
4272,961.109000,-554.784997,961.109000
4273,961.109000,-522.447135,961.109000
4274,961.109000,-508.601042,961.109000
4275,961.109000,-499.792368,961.109000
4276,961.109000,-653.174871,961.109000
4277,961.109000,-491.846547,961.109000
4278,961.109000,-544.215802,961.109000
4279,961.109000,-288.041551,961.109000
4280,961.109000,-392.060461,961.109000
4281,961.109000,-357.239667,961.109000
4282,961.109000,-382.108469,961.109000
4283,961.109000,-381.499609,961.109000
4284,961.109000,-387.018172,961.109000
4285,961.109000,-210.161630,961.109000
4286,961.835000,-267.859847,961.835000
4287,961.835000,-151.708997,961.835000
4288,961.835000,-163.012276,961.835000
4289,961.835000,-245.518152,961.835000
4290,961.835000,-215.244429,961.835000
4291,961.835000,-196.924184,961.835000
4292,961.835000,-233.776931,961.835000
4293,961.835000,-483.310126,961.835000
4294,961.835000,-294.106320,961.835000
4295,961.835000,-379.098335,961.835000
4296,961.835000,-373.738077,961.835000
4297,961.835000,-432.469117,961.835000
4298,961.835000,-622.659688,961.835000
4299,961.835000,-616.701225,961.835000
4300,961.835000,-678.011348,961.835000
4301,961.835000,-441.155698,961.835000
4302,961.835000,-333.076946,961.835000
4303,961.835000,-496.384136,961.835000
4304,961.835000,-235.206793,961.835000
4305,961.835000,-340.565287,961.835000
4306,961.835000,-253.985695,961.835000
4307,961.835000,-223.297241,961.835000
4308,961.835000,-231.536309,961.835000
4309,961.835000,-261.790380,961.835000
4310,961.835000,-175.728342,961.835000
4311,961.835000,-373.817988,961.835000
4312,961.835000,-510.212375,961.835000
4313,961.835000,-281.531146,961.835000
4314,961.835000,-222.042111,961.835000
4315,961.835000,-298.164517,961.835000
4316,961.835000,-478.833808,961.835000
4317,961.835000,-534.721250,961.835000
4318,961.835000,-339.435428,961.835000
4319,961.835000,-261.491118,961.835000
4320,961.835000,-427.369587,961.835000
4321,961.835000,-438.366854,961.835000
4322,961.835000,-450.581879,961.835000
4323,961.835000,-439.896458,961.835000
4324,961.835000,-600.309480,961.835000
4325,961.835000,-404.745169,961.835000
4326,961.835000,-483.245445,961.835000
4327,961.835000,-357.609825,961.835000
4328,961.835000,-418.040933,961.835000
4329,961.835000,-434.805173,961.835000
4330,961.835000,-391.001274,961.835000
4331,961.835000,-329.953221,961.835000
4332,961.835000,-330.371067,961.835000
4333,961.835000,-345.586133,961.835000
4334,961.835000,-376.814161,961.835000
4335,961.835000,-491.802057,961.835000
4336,961.835000,-524.425903,961.835000
4337,961.835000,-595.853485,961.835000
4338,961.835000,-508.514655,961.835000
4339,961.835000,-229.686577,961.835000
4340,961.835000,-479.529333,961.835000
4341,961.835000,-525.229373,961.835000
4342,961.835000,-271.792865,961.835000
4343,961.835000,-431.676337,961.835000
4344,961.835000,-459.085940,961.835000
4345,961.835000,-553.458595,961.835000
4346,961.835000,-527.237315,961.835000
4347,961.835000,-499.307143,961.835000
4348,961.835000,-416.097974,961.835000
4349,961.835000,-375.695161,961.835000
4350,961.835000,-338.463435,961.835000
4351,961.835000,-473.112250,961.835000
4352,961.835000,-572.687701,961.835000
4353,961.835000,-380.106597,961.835000
4354,961.835000,-495.149570,961.835000
4355,961.835000,-335.006650,961.835000
4356,961.835000,-322.169297,961.835000
4357,961.835000,-382.497352,961.835000
4358,961.835000,-206.726998,961.835000
4359,961.835000,-386.626962,961.835000
4360,961.835000,-400.533972,961.835000
4361,961.835000,-355.543611,961.835000
4362,961.835000,-435.220484,961.835000
4363,961.835000,-566.257012,961.835000
4364,961.835000,-320.813307,961.835000
4365,961.835000,-332.369234,961.835000
4366,961.835000,-494.419513,961.835000
4367,961.835000,-282.000889,961.835000
4368,961.835000,-438.415907,961.835000
4369,961.835000,-410.815470,961.835000
4370,961.835000,-417.801272,961.835000
4371,961.835000,-330.768099,961.835000
4372,961.835000,-386.394492,961.835000
4373,961.835000,-368.555254,961.835000
4374,961.835000,-482.213880,961.835000
4375,961.835000,-360.957323,961.835000
4376,961.835000,-314.943724,961.835000
4377,961.835000,-340.880577,961.835000
4378,961.835000,-252.907156,961.835000
4379,961.835000,-234.082963,961.835000
4380,961.835000,-306.689790,961.835000
4381,961.835000,-421.841521,961.835000
4382,961.835000,-464.055021,961.835000
4383,961.835000,-457.285600,961.835000
4384,961.835000,-464.977210,961.835000
4385,961.835000,-344.749584,961.835000
4386,961.835000,-353.367556,961.835000
4387,961.835000,-198.072403,961.835000
4388,961.835000,-363.919097,961.835000
4389,961.835000,-392.344916,961.835000
4390,961.835000,-391.336265,961.835000
4391,961.835000,-212.094121,961.835000
4392,961.835000,-201.448059,961.835000
4393,961.835000,-251.776835,961.835000
4394,961.835000,-227.887600,961.835000
4395,961.835000,-448.116233,961.835000
4396,961.835000,-368.540375,961.835000
4397,961.835000,-419.990799,961.835000
4398,961.835000,-499.651204,961.835000
4399,961.835000,-355.784565,961.835000
4400,961.835000,-596.045074,961.835000
4401,961.835000,-400.400841,961.835000
4402,961.835000,-483.023323,961.835000
4403,961.835000,-522.730547,961.835000
4404,961.835000,-143.623194,961.835000
4405,961.835000,-442.100251,961.835000
4406,961.835000,-442.585714,961.835000
4407,961.835000,-450.778046,961.835000
4408,961.835000,-318.753778,961.835000
4409,961.835000,-539.290997,961.835000
4410,961.835000,-324.735029,961.835000
4411,961.835000,-237.151680,961.835000
4412,961.835000,-329.218861,961.835000
4413,961.835000,-368.460942,961.835000
4414,961.835000,-336.647591,961.835000
4415,961.835000,-307.358698,961.835000
4416,961.835000,-295.180930,961.835000
4417,961.835000,-513.871600,961.835000
4418,961.835000,-485.288228,961.835000
4419,961.835000,-384.769084,961.835000
4420,961.835000,-260.223835,961.835000
4421,961.835000,-348.139320,961.835000
4422,961.835000,-329.318856,961.835000
4423,961.835000,-174.474346,961.835000
4424,961.835000,-422.153856,961.835000
4425,961.835000,-173.603937,961.835000
4426,961.835000,-293.968707,961.835000
4427,961.835000,-479.033952,961.835000
4428,961.835000,-364.095079,961.835000
4429,961.835000,-444.667980,961.835000
4430,961.835000,-439.944705,961.835000
4431,961.835000,-417.816175,961.835000
4432,961.835000,-400.820202,961.835000
4433,961.835000,-361.502133,961.835000
4434,961.835000,-560.137371,961.835000
4435,961.835000,-527.881536,961.835000
4436,961.835000,-446.158974,961.835000
4437,961.835000,-148.011615,961.835000
4438,961.835000,-184.243487,961.835000
4439,961.835000,-304.366946,961.835000
4440,961.835000,-399.435040,961.835000
4441,961.835000,-289.609724,961.835000
4442,961.835000,-295.098593,961.835000
4443,961.835000,-493.438817,961.835000
4444,961.835000,-199.937520,961.835000
4445,961.835000,-368.764128,961.835000
4446,961.835000,-330.566745,961.835000
4447,961.835000,-390.913051,961.835000
4448,961.835000,-546.950765,961.835000
4449,961.835000,-428.655019,961.835000
4450,961.835000,-424.135962,961.835000
4451,961.835000,-508.926243,961.835000
4452,961.835000,-364.162625,961.835000
4453,961.835000,-291.901901,961.835000
4454,961.835000,-187.693709,961.835000
4455,961.835000,-321.264750,961.835000
4456,961.835000,-366.862573,961.835000
4457,961.835000,-412.025029,961.835000
4458,961.835000,-372.157652,961.835000
4459,961.835000,-347.543684,961.835000
4460,961.835000,-285.312695,961.835000
4461,961.835000,-173.865671,961.835000
4462,961.835000,-169.888283,961.835000
4463,961.835000,-267.278058,961.835000
4464,961.835000,-499.813716,961.835000
4465,961.835000,-361.456430,961.835000
4466,961.835000,-399.861967,961.835000
4467,961.835000,-345.626165,961.835000
4468,961.835000,-407.397783,961.835000
4469,961.835000,-482.057424,961.835000
4470,961.835000,-612.436251,961.835000
4471,961.835000,-485.423711,961.835000
4472,961.835000,-391.235751,961.835000
4473,961.835000,-477.885957,961.835000
4474,961.835000,-424.964245,961.835000
4475,961.835000,-281.434006,961.835000
4476,961.835000,-280.179961,961.835000
4477,961.835000,-358.053750,961.835000
4478,961.835000,-491.247469,961.835000
4479,961.835000,-318.784323,961.835000
4480,961.835000,-265.409192,961.835000
4481,961.835000,-452.908551,961.835000
4482,961.835000,-500.745449,961.835000
4483,961.835000,-518.120817,961.835000
4484,961.835000,-534.903422,961.835000
4485,961.835000,-413.728689,961.835000
4486,961.835000,-352.888269,961.835000
4487,961.835000,-494.395946,961.835000
4488,961.835000,-541.583676,961.835000
4489,961.835000,-402.654491,961.835000
4490,961.835000,-518.693245,961.835000
4491,961.835000,-515.702955,961.835000
4492,961.835000,-421.684065,961.835000
4493,961.835000,-568.222596,961.835000
4494,961.835000,-509.055450,961.835000
4495,961.835000,-392.007015,961.835000
4496,961.835000,-353.402416,961.835000
4497,961.835000,-160.448778,961.835000
4498,961.835000,-352.548255,961.835000
4499,961.835000,-435.503817,961.835000
4500,961.835000,-252.306080,961.835000
4501,961.835000,-327.632125,961.835000
4502,961.835000,-401.547544,961.835000
4503,961.835000,-306.425326,961.835000
4504,961.835000,-380.313954,961.835000
4505,961.835000,-364.075964,961.835000
4506,961.835000,-325.635299,961.835000
4507,961.835000,-303.452060,961.835000
4508,961.835000,-326.029640,961.835000
4509,961.835000,-478.970636,961.835000
4510,961.835000,-353.415496,961.835000
4511,961.835000,-268.066381,961.835000
4512,961.835000,-403.654580,961.835000
4513,961.835000,-314.001453,961.835000
4514,961.835000,-207.427645,961.835000
4515,961.835000,-380.891717,961.835000
4516,961.835000,-374.457195,961.835000
4517,961.835000,-418.147835,961.835000
4518,961.835000,-330.471645,961.835000
4519,961.835000,-504.269590,961.835000
4520,961.835000,-447.663442,961.835000
4521,961.835000,-501.838934,961.835000
4522,961.835000,-431.446540,961.835000
4523,961.835000,-328.014090,961.835000
4524,961.835000,-615.625638,961.835000
4525,961.835000,-460.599363,961.835000
4526,961.835000,-534.269178,961.835000
4527,961.835000,-542.962094,961.835000
4528,961.835000,-468.916856,961.835000
4529,961.835000,-503.372349,961.835000
4530,961.835000,-465.430080,961.835000
4531,961.835000,-427.562715,961.835000
4532,961.835000,-371.195492,961.835000
4533,961.835000,-385.883832,961.835000
4534,961.835000,-328.211772,961.835000
4535,961.835000,-419.597789,961.835000
4536,961.835000,-227.011820,961.835000
4537,962.584000,-252.980970,962.584000
4538,962.584000,-227.225722,962.584000
4539,962.584000,-246.014701,962.584000
4540,962.584000,-325.605763,962.584000
4541,962.584000,-497.438811,962.584000
4542,962.584000,-259.138360,962.584000
4543,962.584000,-180.850579,962.584000
4544,962.584000,-324.139770,962.584000
4545,962.584000,-231.108647,962.584000
4546,962.584000,-422.617658,962.584000
4547,962.584000,-580.037998,962.584000
4548,962.584000,-457.276115,962.584000
4549,962.584000,-298.175558,962.584000
4550,962.584000,-399.543041,962.584000
4551,962.584000,-309.069182,962.584000
4552,962.584000,-470.894999,962.584000
4553,962.584000,-457.048542,962.584000
4554,962.584000,-472.221788,962.584000
4555,962.584000,-512.848344,962.584000
4556,962.584000,-417.104812,962.584000
4557,962.584000,-391.793240,962.584000
4558,962.584000,-258.655151,962.584000
4559,962.584000,-320.217736,962.584000
4560,962.584000,-667.872314,962.584000
4561,962.584000,-463.270990,962.584000
4562,962.584000,-391.286713,962.584000
4563,962.584000,-480.245517,962.584000
4564,962.584000,-461.665118,962.584000
4565,962.584000,-505.822173,962.584000
4566,962.584000,-514.190593,962.584000
4567,962.584000,-460.339805,962.584000
4568,962.584000,-236.213636,962.584000
4569,962.584000,-353.706752,962.584000
4570,962.584000,-515.215668,962.584000
4571,962.584000,-548.556229,962.584000
4572,962.584000,-493.016416,962.584000
4573,962.584000,-443.464183,962.584000
4574,962.584000,-384.168119,962.584000
4575,962.584000,-388.535008,962.584000
4576,962.584000,-249.013057,962.584000
4577,962.584000,-308.989998,962.584000
4578,962.584000,-317.086602,962.584000
4579,962.584000,-206.731544,962.584000
4580,962.584000,-233.777221,962.584000
4581,962.584000,-109.829363,962.584000
4582,962.584000,-608.812629,962.584000
4583,962.584000,-500.970097,962.584000
4584,962.584000,-442.354099,962.584000
4585,962.584000,-259.846640,962.584000
4586,962.584000,-428.791839,962.584000
4587,962.584000,-469.284872,962.584000
4588,962.584000,-337.692697,962.584000
4589,962.584000,-340.259687,962.584000
4590,962.584000,-430.623814,962.584000
4591,962.584000,-373.574650,962.584000
4592,962.584000,-456.083207,962.584000
4593,962.584000,-330.782351,962.584000
4594,962.584000,-315.629032,962.584000
4595,962.584000,-515.588661,962.584000
4596,962.584000,-419.069213,962.584000
4597,962.584000,-335.296054,962.584000
4598,962.584000,-572.229557,962.584000
4599,962.584000,-438.209009,962.584000
4600,962.584000,-550.041729,962.584000
4601,962.584000,-254.894279,962.584000
4602,962.584000,-179.493169,962.584000
4603,962.584000,-326.140847,962.584000
4604,962.584000,-474.793283,962.584000
4605,962.584000,-465.844591,962.584000
4606,962.584000,-353.816850,962.584000
4607,962.584000,-442.286655,962.584000
4608,962.584000,-572.111216,962.584000
4609,962.584000,-556.041895,962.584000
4610,962.584000,-277.322945,962.584000
4611,962.584000,-458.759437,962.584000
4612,962.584000,-556.715341,962.584000
4613,962.584000,-496.853562,962.584000
4614,962.584000,-405.455227,962.584000
4615,962.584000,-554.692293,962.584000
4616,962.584000,-399.787766,962.584000
4617,962.584000,-376.812800,962.584000
4618,962.584000,-174.243753,962.584000
4619,962.584000,-116.179896,962.584000
4620,962.584000,-455.754428,962.584000
4621,962.584000,-365.522128,962.584000
4622,962.584000,-474.137741,962.584000
4623,962.584000,-446.963075,962.584000
4624,962.584000,-432.867936,962.584000
4625,962.584000,-517.058195,962.584000
4626,962.584000,-293.628802,962.584000
4627,962.584000,-381.577048,962.584000
4628,962.584000,-86.750755,962.584000
4629,962.584000,-361.760515,962.584000
4630,962.584000,-512.337781,962.584000
4631,962.584000,-413.549058,962.584000
4632,962.584000,-325.286875,962.584000
4633,962.584000,-345.292341,962.584000
4634,962.584000,-527.065098,962.584000
4635,962.584000,-429.757929,962.584000
4636,962.584000,-435.892414,962.584000
4637,962.584000,-208.466798,962.584000
4638,962.584000,-130.599052,962.584000
4639,962.584000,-232.718323,962.584000
4640,962.584000,-291.946710,962.584000
4641,962.584000,-453.700693,962.584000
4642,962.584000,-451.252130,962.584000
4643,962.584000,-162.725093,962.584000
4644,962.584000,-264.427336,962.584000
4645,962.584000,-412.885338,962.584000
4646,962.584000,-234.586877,962.584000
4647,962.584000,-405.275640,962.584000
4648,962.584000,-445.638014,962.584000
4649,962.584000,-331.041945,962.584000
4650,962.584000,-396.010538,962.584000
4651,962.584000,-410.550353,962.584000
4652,962.584000,-157.353853,962.584000
4653,962.584000,-344.459137,962.584000
4654,962.584000,-320.896805,962.584000
4655,962.584000,-338.962079,962.584000
4656,962.584000,-320.497401,962.584000
4657,962.584000,-439.127064,962.584000
4658,962.584000,-608.707547,962.584000
4659,962.584000,-532.241871,962.584000
4660,962.584000,-621.992917,962.584000
4661,962.584000,-664.828380,962.584000
4662,962.584000,-449.268666,962.584000
4663,962.584000,-377.975389,962.584000
4664,962.584000,-293.505061,962.584000
4665,962.584000,-305.770859,962.584000
4666,962.584000,-529.979539,962.584000
4667,962.584000,-608.909684,962.584000
4668,962.584000,-349.630927,962.584000
4669,962.584000,-327.991392,962.584000
4670,962.584000,-225.479009,962.584000
4671,962.584000,-415.761769,962.584000
4672,962.584000,-302.900949,962.584000
4673,962.584000,-264.282245,962.584000
4674,962.584000,-307.295464,962.584000
4675,962.584000,-440.018705,962.584000
4676,962.584000,-465.700205,962.584000
4677,962.584000,-369.500780,962.584000
4678,962.584000,-372.490552,962.584000
4679,962.584000,-299.619158,962.584000
4680,962.584000,-487.294230,962.584000
4681,962.584000,-234.521293,962.584000
4682,962.584000,-271.630687,962.584000
4683,962.584000,-100.990486,962.584000
4684,962.584000,-392.417701,962.584000
4685,962.584000,-178.677484,962.584000
4686,962.584000,-337.282333,962.584000
4687,962.584000,-399.301185,962.584000
4688,962.584000,-466.393063,962.584000
4689,962.584000,-499.749209,962.584000
4690,962.584000,-533.067709,962.584000
4691,962.584000,-333.371455,962.584000
4692,962.584000,-85.405511,962.584000
4693,962.584000,-389.993786,962.584000
4694,962.584000,-569.743649,962.584000
4695,962.584000,-411.736823,962.584000
4696,962.584000,-499.409494,962.584000
4697,962.584000,-455.159838,962.584000
4698,962.584000,-429.805872,962.584000
4699,962.584000,-563.178561,962.584000
4700,962.584000,-212.248348,962.584000
4701,962.584000,-428.166690,962.584000
4702,962.584000,-360.167222,962.584000
4703,962.584000,-394.005517,962.584000
4704,962.584000,-645.642408,962.584000
4705,962.584000,-414.833150,962.584000
4706,962.584000,-564.572904,962.584000
4707,962.584000,-513.555151,962.584000
4708,962.584000,-330.065890,962.584000
4709,962.584000,-400.374742,962.584000
4710,962.584000,-461.314526,962.584000
4711,962.584000,-453.808799,962.584000
4712,962.584000,-365.568463,962.584000
4713,962.584000,-221.798303,962.584000
4714,962.584000,-322.060218,962.584000
4715,962.584000,-331.250713,962.584000
4716,962.584000,-405.810676,962.584000
4717,962.584000,-398.941487,962.584000
4718,962.584000,-202.630818,962.584000
4719,962.584000,-408.961004,962.584000
4720,962.584000,-213.128384,962.584000
4721,962.584000,-269.594691,962.584000
4722,962.584000,-322.752883,962.584000
4723,962.584000,-251.053000,962.584000
4724,962.584000,-493.539084,962.584000
4725,962.584000,-426.023590,962.584000
4726,962.584000,-271.632714,962.584000
4727,962.584000,-324.017580,962.584000
4728,962.584000,-328.460306,962.584000
4729,962.584000,-35.749138,962.584000
4730,962.584000,-399.821752,962.584000
4731,962.584000,-344.847189,962.584000
4732,962.584000,-505.499559,962.584000
4733,962.584000,-345.152436,962.584000
4734,962.584000,-676.529654,962.584000
4735,962.584000,-427.504383,962.584000
4736,962.584000,-532.354735,962.584000
4737,962.584000,-523.695458,962.584000
4738,962.584000,-400.525600,962.584000
4739,962.584000,-521.579583,962.584000
4740,962.584000,-390.617780,962.584000
4741,962.584000,-320.464500,962.584000
4742,962.584000,-328.301226,962.584000
4743,962.584000,-217.686653,962.584000
4744,962.584000,-174.310146,962.584000
4745,962.584000,-486.832080,962.584000
4746,962.584000,-416.659472,962.584000
4747,962.584000,-283.316157,962.584000
4748,962.584000,-317.516642,962.584000
4749,962.584000,-291.791006,962.584000
4750,962.584000,-9.897895,962.584000
4751,962.584000,-250.901807,962.584000
4752,962.584000,-441.807401,962.584000
4753,962.584000,-199.689772,962.584000
4754,962.584000,-485.487785,962.584000
4755,962.584000,-214.772807,962.584000
4756,962.584000,-395.167670,962.584000
4757,962.584000,-307.433285,962.584000
4758,962.584000,-368.823843,962.584000
4759,962.584000,-215.704559,962.584000
4760,962.584000,-268.207020,962.584000
4761,962.584000,-327.409506,962.584000
4762,962.584000,-266.886233,962.584000
4763,962.584000,-143.331533,962.584000
4764,962.584000,-433.724006,962.584000
4765,962.584000,-453.776174,962.584000
4766,962.584000,-459.283017,962.584000
4767,962.584000,-491.671036,962.584000
4768,962.584000,-296.779540,962.584000
4769,962.584000,-317.908471,962.584000
4770,962.584000,-378.573821,962.584000
4771,962.584000,-203.806138,962.584000
4772,962.584000,-489.268484,962.584000
4773,962.584000,-538.463701,962.584000
4774,962.584000,-517.263912,962.584000
4775,962.584000,-443.196696,962.584000
4776,962.584000,-351.828200,962.584000
4777,962.584000,-364.306925,962.584000
4778,962.584000,-367.548608,962.584000
4779,962.584000,-406.621282,962.584000
4780,962.584000,-522.202887,962.584000
4781,962.584000,-364.085702,962.584000
4782,962.584000,-479.304706,962.584000
4783,962.584000,-382.928432,962.584000
4784,962.584000,-319.668530,962.584000
4785,962.584000,-250.708278,962.584000
4786,962.584000,-483.199919,962.584000
4787,962.584000,-425.712289,962.584000
4788,962.584000,-414.394622,962.584000
4789,962.584000,-465.913921,962.584000
4790,962.584000,-399.704538,962.584000
4791,962.584000,-396.323038,962.584000
4792,962.584000,-412.826720,962.584000
4793,962.584000,-290.602658,962.584000
4794,962.584000,-369.440180,962.584000
4795,962.584000,-256.722163,962.584000
4796,962.584000,-319.857015,962.584000
4797,962.584000,-442.152152,962.584000
4798,962.584000,-549.725760,962.584000
4799,962.584000,-344.270774,962.584000
4800,962.584000,-293.621432,962.584000
4801,962.584000,-318.999819,962.584000
4802,962.584000,-372.060920,962.584000
4803,962.584000,-403.271013,962.584000
4804,962.584000,-296.091498,962.584000
4805,962.584000,-337.510555,962.584000
4806,962.584000,-134.520205,962.584000
4807,962.584000,-458.336071,962.584000
4808,962.584000,-397.723721,962.584000
4809,962.584000,-445.919945,962.584000
4810,962.584000,-577.663901,962.584000
4811,962.584000,-688.064796,962.584000
4812,962.584000,-435.588572,962.584000
4813,962.584000,-525.229481,962.584000
4814,962.584000,-372.148175,962.584000
4815,962.584000,-307.507198,962.584000
4816,962.584000,-359.079682,962.584000
4817,962.584000,-420.681000,962.584000
4818,962.584000,-218.947691,962.584000
4819,962.584000,-380.607751,962.584000
4820,962.584000,-328.487845,962.584000
4821,962.584000,-369.020916,962.584000
4822,962.584000,-313.741693,962.584000
4823,962.584000,-213.897664,962.584000
4824,962.584000,-310.204514,962.584000
4825,962.584000,-432.145117,962.584000
4826,962.584000,-418.793992,962.584000
4827,962.584000,-367.112160,962.584000
4828,962.584000,-473.350044,962.584000
4829,962.584000,-366.344191,962.584000
4830,962.584000,-495.075050,962.584000
4831,962.584000,-335.120212,962.584000
4832,962.584000,-533.375015,962.584000
4833,962.584000,-501.217637,962.584000
4834,962.584000,-506.957716,962.584000
4835,962.584000,-314.837523,962.584000
4836,962.584000,-390.612862,962.584000
4837,962.584000,-392.023277,962.584000
4838,962.584000,-570.025058,962.584000
4839,962.584000,-415.531604,962.584000
4840,962.584000,-217.949325,962.584000
4841,962.584000,-611.134398,962.584000
4842,962.584000,-144.382937,962.584000
4843,962.584000,-62.721477,962.584000
4844,962.584000,-305.643474,962.584000
4845,962.584000,-302.196343,962.584000
4846,962.584000,-297.571812,962.584000
4847,962.584000,-371.337726,962.584000
4848,962.584000,-422.234501,962.584000
4849,962.584000,-312.386108,962.584000
4850,962.584000,-427.187486,962.584000
4851,962.584000,-356.667232,962.584000
4852,962.584000,-349.203554,962.584000
4853,962.584000,-344.448082,962.584000
4854,962.584000,-448.936438,962.584000
4855,962.584000,-338.622675,962.584000
4856,962.584000,-309.573694,962.584000
4857,962.584000,-408.329823,962.584000
4858,962.584000,-252.022020,962.584000
4859,962.584000,-177.934135,962.584000
4860,962.584000,-203.943301,962.584000
4861,962.584000,-570.329678,962.584000
4862,962.584000,-432.547699,962.584000
4863,962.584000,-534.399949,962.584000
4864,962.584000,-389.339123,962.584000
4865,962.584000,-262.140048,962.584000
4866,962.584000,-292.277089,962.584000
4867,962.584000,-192.244352,962.584000
4868,962.584000,-453.599047,962.584000
4869,962.584000,-426.238698,962.584000
4870,962.584000,-254.191784,962.584000
4871,962.584000,-320.011223,962.584000
4872,962.584000,-349.155452,962.584000
4873,962.584000,-301.301215,962.584000
4874,962.584000,-189.025450,962.584000
4875,962.584000,-263.067517,962.584000
4876,962.584000,-403.511851,962.584000
4877,962.584000,-90.080484,962.584000
4878,962.584000,-421.529729,962.584000
4879,962.584000,-336.057760,962.584000
4880,962.584000,-344.484616,962.584000
4881,962.584000,-201.808194,962.584000
4882,962.584000,-221.336188,962.584000
4883,962.584000,-437.485131,962.584000
4884,962.584000,-424.028983,962.584000
4885,962.584000,-454.664597,962.584000
4886,962.584000,-408.637621,962.584000
4887,962.584000,-533.980457,962.584000
4888,962.584000,-502.037774,962.584000
4889,962.584000,-454.771271,962.584000
4890,962.584000,-217.435237,962.584000
4891,962.584000,-222.614043,962.584000
4892,962.584000,-410.048628,962.584000
4893,962.584000,-358.313662,962.584000
4894,962.584000,-432.605499,962.584000
4895,962.584000,-314.599096,962.584000
4896,962.584000,-244.495823,962.584000
4897,962.584000,-447.767924,962.584000
4898,962.584000,-505.155050,962.584000
4899,962.584000,-458.951688,962.584000
4900,962.584000,-440.452685,962.584000
4901,962.584000,-241.788182,962.584000
4902,962.584000,-167.312689,962.584000
4903,962.584000,-473.610804,962.584000
4904,962.584000,-510.340313,962.584000
4905,962.584000,-430.256205,962.584000
4906,962.584000,-524.878529,962.584000
4907,962.584000,-423.904751,962.584000
4908,962.584000,-413.729022,962.584000
4909,962.584000,-349.549163,962.584000
4910,962.584000,-529.971673,962.584000
4911,962.584000,-454.865452,962.584000
4912,962.584000,-379.077716,962.584000
4913,962.584000,-188.518553,962.584000
4914,962.584000,-260.640600,962.584000
4915,962.584000,-362.268922,962.584000
4916,962.584000,-639.578294,962.584000
4917,962.584000,-405.342412,962.584000
4918,962.584000,-413.687261,962.584000
4919,962.584000,-342.810743,962.584000
4920,962.584000,-486.680508,962.584000
4921,962.584000,-445.044567,962.584000
4922,962.584000,-318.588612,962.584000
4923,962.584000,-299.274779,962.584000
4924,962.584000,-419.101866,962.584000
4925,962.584000,-455.923833,962.584000
4926,962.584000,-395.849965,962.584000
4927,962.584000,-242.218413,962.584000
4928,962.584000,-453.385740,962.584000
4929,962.584000,-312.872460,962.584000
4930,962.584000,-110.456046,962.584000
4931,962.584000,-415.231759,962.584000
4932,962.584000,-224.813737,962.584000
4933,962.584000,-344.702285,962.584000
4934,962.584000,-587.935638,962.584000
4935,962.584000,-488.441319,962.584000
4936,962.584000,-357.421365,962.584000
4937,962.584000,-415.215330,962.584000
4938,962.584000,-375.389762,962.584000
4939,962.584000,-491.984239,962.584000
4940,962.584000,-612.412453,962.584000
4941,962.584000,-472.141973,962.584000
4942,962.584000,-374.140459,962.584000
4943,962.584000,-498.869705,962.584000
4944,962.584000,-543.415203,962.584000
4945,962.584000,-432.470738,962.584000
4946,962.584000,-385.152509,962.584000
4947,962.584000,-250.804939,962.584000
4948,962.584000,-427.722716,962.584000
4949,962.584000,-409.132455,962.584000
4950,962.584000,-407.003770,962.584000
4951,962.584000,-467.132346,962.584000
4952,962.584000,-480.677359,962.584000
4953,962.584000,-323.837592,962.584000
4954,962.584000,-592.665433,962.584000
4955,962.584000,-464.457620,962.584000
4956,962.584000,-372.359875,962.584000
4957,962.584000,-477.073763,962.584000
4958,962.584000,-578.086430,962.584000
4959,962.584000,-530.948692,962.584000
4960,962.584000,-414.211227,962.584000
4961,962.584000,-380.183177,962.584000
4962,962.584000,-492.733140,962.584000
4963,962.584000,-208.444493,962.584000
4964,962.584000,-508.543542,962.584000
4965,962.584000,-302.550012,962.584000
4966,962.584000,-439.830040,962.584000
4967,962.584000,-416.680184,962.584000
4968,962.584000,-490.681581,962.584000
4969,962.584000,-502.200111,962.584000
4970,962.584000,-451.709590,962.584000
4971,962.584000,-429.385051,962.584000
4972,962.584000,-437.084083,962.584000
4973,962.584000,-390.984708,962.584000
4974,962.584000,-271.014190,962.584000
4975,962.584000,-202.969191,962.584000
4976,962.584000,-346.902997,962.584000
4977,962.584000,7.089900,962.584000
4978,962.584000,-480.247908,962.584000
4979,962.584000,-429.319469,962.584000
4980,962.584000,-508.203998,962.584000
4981,962.584000,-279.284554,962.584000
4982,962.584000,1.538914,962.584000
4983,962.584000,-165.303927,962.584000
4984,962.584000,-238.639097,962.584000
4985,962.584000,-452.117275,962.584000
4986,962.584000,-383.447594,962.584000
4987,962.584000,-410.390003,962.584000
4988,962.584000,-450.902752,962.584000
4989,962.584000,-554.102929,962.584000
4990,962.584000,-500.881600,962.584000
4991,962.584000,-448.532679,962.584000
4992,962.584000,-505.924821,962.584000
4993,962.584000,-430.865301,962.584000
4994,962.584000,-325.412410,962.584000
4995,962.584000,-328.234935,962.584000
4996,962.584000,-490.638462,962.584000
4997,962.584000,-275.872478,962.584000
4998,962.584000,-325.771494,962.584000
4999,962.584000,-433.004971,962.584000
5000,962.584000,-159.352504,962.584000
5001,962.584000,-427.114858,962.584000
5002,962.584000,-483.365561,962.584000
5003,962.584000,-262.803972,962.584000
5004,962.584000,-463.011353,962.584000
5005,962.584000,-451.604143,962.584000
5006,962.584000,-495.340926,962.584000
5007,962.584000,-614.519579,962.584000
5008,962.584000,-482.133633,962.584000
5009,962.584000,-522.295842,962.584000
5010,962.584000,-274.842804,962.584000
5011,963.056667,-231.386822,963.056667
5012,963.056667,-359.870038,963.056667
5013,963.056667,-402.358419,963.056667
5014,963.056667,-468.632706,963.056667
5015,963.056667,-461.117996,963.056667
5016,963.056667,-327.881059,963.056667
5017,963.056667,-96.416214,963.056667
5018,963.056667,-328.645714,963.056667
5019,963.056667,-127.740399,963.056667
5020,963.056667,-107.006466,963.056667
5021,963.056667,-375.022387,963.056667
5022,963.056667,-223.360255,963.056667
5023,963.056667,-269.370298,963.056667
5024,963.056667,-368.848133,963.056667
5025,963.056667,-465.955403,963.056667
5026,963.056667,-352.528817,963.056667
5027,963.056667,-320.468418,963.056667
5028,963.056667,-252.000381,963.056667
5029,963.056667,-436.593990,963.056667
5030,963.056667,-442.603432,963.056667
5031,963.056667,-492.002113,963.056667
5032,963.056667,-488.636609,963.056667
5033,963.056667,-340.888433,963.056667
5034,963.056667,-367.206735,963.056667
5035,963.056667,-279.690245,963.056667
5036,963.056667,-438.501144,963.056667
5037,963.056667,-473.616764,963.056667
5038,963.056667,-333.560334,963.056667
5039,963.056667,-404.766001,963.056667
5040,963.056667,-611.385030,963.056667
5041,963.056667,-373.800117,963.056667
5042,963.056667,-454.221658,963.056667
5043,963.056667,-558.400270,963.056667
5044,963.056667,-525.703452,963.056667
5045,963.056667,-344.173384,963.056667
5046,963.056667,-495.449099,963.056667
5047,963.056667,-521.726001,963.056667
5048,963.056667,-357.806828,963.056667
5049,963.056667,-355.048878,963.056667
5050,963.056667,-479.518821,963.056667
5051,963.056667,-408.442853,963.056667
5052,963.056667,-231.025184,963.056667
5053,963.056667,-429.395694,963.056667
5054,963.056667,-390.123663,963.056667
5055,963.056667,-153.852386,963.056667
5056,963.056667,-445.339760,963.056667
5057,963.056667,-529.682083,963.056667
5058,963.056667,-362.137137,963.056667
5059,963.056667,-368.731600,963.056667
5060,963.056667,-700.810652,963.056667
5061,963.056667,-809.032422,963.056667
5062,963.056667,-763.643747,963.056667
5063,963.056667,-566.659592,963.056667
5064,963.056667,-556.495329,963.056667
5065,963.056667,-508.744911,963.056667
5066,963.056667,-200.653907,963.056667
5067,963.056667,-258.331885,963.056667
5068,963.056667,-390.681069,963.056667
5069,963.056667,-524.740990,963.056667
5070,963.056667,-503.848633,963.056667
5071,963.056667,-629.790057,963.056667
5072,963.056667,-487.496075,963.056667
5073,963.056667,-519.987878,963.056667
5074,963.056667,-447.005959,963.056667
5075,963.056667,-550.675127,963.056667
5076,963.056667,-522.845068,963.056667
5077,963.056667,-458.404762,963.056667
5078,963.056667,-338.948825,963.056667
5079,963.056667,-338.165257,963.056667
5080,963.056667,-323.495124,963.056667
5081,963.056667,-533.771874,963.056667
5082,963.056667,-498.501717,963.056667
5083,963.056667,-572.785527,963.056667
5084,963.056667,-597.097578,963.056667
5085,963.056667,-320.228854,963.056667
5086,963.056667,-79.650395,963.056667
5087,963.056667,-310.976726,963.056667
5088,963.056667,-468.188394,963.056667
5089,963.056667,-476.758742,963.056667
5090,963.056667,-445.644912,963.056667
5091,963.056667,-594.319806,963.056667
5092,963.056667,-547.423780,963.056667
5093,963.056667,-524.781679,963.056667
5094,963.056667,-474.378861,963.056667
5095,963.056667,-516.754626,963.056667
5096,963.056667,-344.452398,963.056667
5097,963.056667,-476.597223,963.056667
5098,963.056667,-268.296242,963.056667
5099,963.056667,-433.377111,963.056667
5100,963.056667,-348.772316,963.056667
5101,963.056667,-419.449600,963.056667
5102,963.056667,-306.997444,963.056667
5103,963.056667,-287.021619,963.056667
5104,963.056667,-242.568712,963.056667
5105,963.056667,-530.352711,963.056667
5106,963.056667,-316.592079,963.056667
5107,963.056667,-486.438491,963.056667
5108,963.056667,-350.865972,963.056667
5109,963.056667,-179.147149,963.056667
5110,963.056667,-325.336193,963.056667
5111,963.056667,-556.567843,963.056667
5112,963.056667,-548.756850,963.056667
5113,963.056667,-385.843208,963.056667
5114,963.056667,-236.818998,963.056667
5115,963.056667,-233.874330,963.056667
5116,963.056667,-129.380038,963.056667
5117,963.056667,-226.178560,963.056667
5118,963.056667,-401.566255,963.056667
5119,963.056667,-409.793464,963.056667
5120,963.056667,-525.094266,963.056667
5121,963.056667,-532.547682,963.056667
5122,963.056667,-620.890237,963.056667
5123,963.056667,-638.064493,963.056667
5124,963.056667,-440.849774,963.056667
5125,963.056667,-254.685587,963.056667
5126,963.056667,-264.070888,963.056667
5127,963.056667,-383.987187,963.056667
5128,963.056667,-316.497257,963.056667
5129,963.056667,-500.058056,963.056667
5130,963.056667,-406.174066,963.056667
5131,963.056667,-396.639129,963.056667
5132,963.056667,-240.872753,963.056667
5133,963.056667,-283.476471,963.056667
5134,963.056667,-242.132934,963.056667
5135,963.056667,-247.216562,963.056667
5136,963.056667,-297.128777,963.056667
5137,963.056667,-482.120427,963.056667
5138,963.056667,-508.388720,963.056667
5139,963.056667,-668.455484,963.056667
5140,963.056667,-401.566938,963.056667
5141,963.056667,-522.832207,963.056667
5142,963.056667,-516.081341,963.056667
5143,963.056667,-370.638536,963.056667
5144,963.056667,-263.888467,963.056667
5145,963.056667,-366.378376,963.056667
5146,963.056667,-392.019801,963.056667
5147,963.056667,-448.291135,963.056667
5148,963.056667,-369.860869,963.056667
5149,963.056667,-180.070350,963.056667
5150,963.056667,-296.278354,963.056667
5151,963.056667,-426.548341,963.056667
5152,963.056667,-489.540791,963.056667
5153,963.056667,-516.517269,963.056667
5154,963.056667,-396.831167,963.056667
5155,963.056667,-320.159728,963.056667
5156,963.056667,-400.145481,963.056667
5157,963.056667,-237.785026,963.056667
5158,963.056667,-405.630757,963.056667
5159,963.056667,-343.420408,963.056667
5160,963.056667,-311.087477,963.056667
5161,963.056667,-457.530491,963.056667
5162,963.056667,-349.495634,963.056667
5163,963.056667,-428.266746,963.056667
5164,963.056667,-177.992652,963.056667
5165,963.056667,-182.914813,963.056667
5166,963.056667,-444.780714,963.056667
5167,963.056667,-345.632123,963.056667
5168,963.056667,-381.551149,963.056667
5169,963.056667,-292.934634,963.056667
5170,963.056667,-391.724810,963.056667
5171,963.056667,-303.447224,963.056667
5172,963.056667,-561.042576,963.056667
5173,963.056667,-467.987574,963.056667
5174,963.056667,-190.063310,963.056667
5175,963.056667,-210.149410,963.056667
5176,963.056667,-325.311311,963.056667
5177,963.056667,-539.207957,963.056667
5178,963.056667,-485.962080,963.056667
5179,963.056667,-437.999539,963.056667
5180,963.056667,-665.618036,963.056667
5181,963.056667,-424.105203,963.056667
5182,963.056667,-620.766172,963.056667
5183,963.056667,-543.058978,963.056667
5184,963.056667,-447.215754,963.056667
5185,963.056667,-373.472182,963.056667
5186,963.056667,-110.845974,963.056667
5187,963.056667,-452.326823,963.056667
5188,963.056667,-514.908773,963.056667
5189,963.056667,-413.291332,963.056667
5190,963.056667,-373.614122,963.056667
5191,963.056667,-314.322828,963.056667
5192,963.056667,-477.513542,963.056667
5193,963.409333,-419.695421,963.409333
5194,963.409333,-321.357907,963.409333
5195,963.409333,-388.923388,963.409333
5196,963.409333,-497.034394,963.409333
5197,963.409333,-526.546772,963.409333
5198,963.409333,-313.316676,963.409333
5199,963.622667,-277.595649,963.622667
5200,963.622667,-477.644789,963.622667
5201,963.622667,-554.702218,963.622667
5202,963.622667,-442.247361,963.622667
5203,963.622667,-462.828503,963.622667
5204,963.622667,-321.989668,963.622667
5205,963.622667,-422.373590,963.622667
5206,963.622667,-152.957631,963.622667
5207,963.622667,-416.606505,963.622667
5208,963.622667,-400.212235,963.622667
5209,963.622667,-374.592973,963.622667
5210,963.622667,-414.518093,963.622667
5211,963.622667,-354.411647,963.622667
5212,963.622667,-488.047981,963.622667
5213,963.622667,-458.019465,963.622667
5214,963.622667,-437.460182,963.622667
5215,963.622667,-168.259567,963.622667
5216,963.622667,-341.924579,963.622667
5217,963.622667,-366.421843,963.622667
5218,963.622667,-476.479589,963.622667
5219,963.622667,-477.252823,963.622667
5220,963.622667,-518.110101,963.622667
5221,963.622667,-330.536901,963.622667
5222,963.622667,-503.286892,963.622667
5223,963.622667,-510.653027,963.622667
5224,963.622667,-519.070383,963.622667
5225,963.622667,-520.185536,963.622667
5226,963.622667,-406.983165,963.622667
5227,963.622667,-329.283156,963.622667
5228,963.622667,-228.198102,963.622667
5229,963.622667,-206.098288,963.622667
5230,963.622667,-273.369071,963.622667
5231,963.622667,-459.938246,963.622667
5232,963.622667,-259.518900,963.622667
5233,963.622667,-413.406207,963.622667
5234,963.622667,-354.688575,963.622667
5235,963.622667,-357.455143,963.622667
5236,963.622667,-243.055071,963.622667
5237,963.622667,-251.560336,963.622667
5238,963.622667,-530.168305,963.622667
5239,963.622667,-263.690264,963.622667
5240,963.622667,-391.279048,963.622667
5241,963.622667,-445.572291,963.622667
5242,963.622667,-442.525548,963.622667
5243,963.622667,-470.231779,963.622667
5244,963.622667,-212.800344,963.622667
5245,963.622667,-414.360322,963.622667
5246,963.622667,-554.179482,963.622667
5247,963.622667,-642.838103,963.622667
5248,963.622667,-586.631581,963.622667
5249,963.622667,-425.373595,963.622667
5250,963.622667,-315.711144,963.622667
5251,963.622667,-479.320605,963.622667
5252,963.622667,-519.436777,963.622667
5253,963.622667,-370.104590,963.622667
5254,963.622667,-246.424373,963.622667
5255,963.622667,-410.673265,963.622667
5256,963.622667,-500.854269,963.622667
5257,963.622667,-291.736879,963.622667
5258,963.622667,-632.834968,963.622667
5259,963.622667,-448.068027,963.622667
5260,963.622667,-460.919210,963.622667
5261,963.622667,-312.236210,963.622667
5262,963.622667,-335.763490,963.622667
5263,963.622667,-524.164107,963.622667
5264,963.622667,-643.206789,963.622667
5265,963.622667,-429.437570,963.622667
5266,963.622667,-458.381311,963.622667
5267,963.622667,-528.403503,963.622667
5268,963.622667,-455.343354,963.622667
5269,963.622667,-536.411522,963.622667
5270,963.622667,-245.730803,963.622667
5271,963.622667,-256.701136,963.622667
5272,963.622667,-267.378780,963.622667
5273,963.622667,-296.740733,963.622667
5274,963.622667,-342.183682,963.622667
5275,963.622667,-468.252363,963.622667
5276,963.622667,-609.162692,963.622667
5277,963.622667,-695.374767,963.622667
5278,963.622667,-687.820992,963.622667
5279,963.622667,-457.266791,963.622667
5280,963.622667,-524.912715,963.622667
5281,963.622667,-547.956999,963.622667
5282,963.622667,-367.500676,963.622667
5283,963.622667,-522.978515,963.622667
5284,963.622667,-371.933329,963.622667
5285,963.622667,-256.993925,963.622667
5286,963.622667,-256.332471,963.622667
5287,963.622667,-567.125452,963.622667
5288,963.622667,-404.803740,963.622667
5289,963.622667,-298.058366,963.622667
5290,963.622667,-412.396679,963.622667
5291,963.622667,-510.262984,963.622667
5292,963.622667,-670.085795,963.622667
5293,963.622667,-518.515398,963.622667
5294,963.622667,-475.780975,963.622667
5295,963.622667,-324.813114,963.622667
5296,963.622667,-426.345590,963.622667
5297,963.622667,-283.311077,963.622667
5298,963.622667,-342.462934,963.622667
5299,963.622667,-392.016835,963.622667
5300,963.622667,-542.711917,963.622667
5301,963.622667,-480.410723,963.622667
5302,963.622667,-353.295038,963.622667
5303,963.622667,-361.041526,963.622667
5304,963.622667,-265.253914,963.622667
5305,963.622667,-223.052585,963.622667
5306,963.622667,-478.630940,963.622667
5307,963.622667,-389.971033,963.622667
5308,963.622667,-419.197719,963.622667
5309,963.622667,-486.580660,963.622667
5310,963.622667,-444.636593,963.622667
5311,963.622667,-499.204059,963.622667
5312,963.622667,-538.605450,963.622667
5313,963.622667,-429.996019,963.622667
5314,963.622667,-384.652307,963.622667
5315,963.622667,-422.667070,963.622667
5316,963.622667,-213.361633,963.622667
5317,963.622667,-330.437111,963.622667
5318,963.622667,-493.808432,963.622667
5319,963.622667,-472.934121,963.622667
5320,963.622667,-547.851268,963.622667
5321,963.622667,-290.935814,963.622667
5322,963.622667,-290.319565,963.622667
5323,963.622667,-454.349540,963.622667
5324,963.622667,-251.501959,963.622667
5325,963.622667,-353.438710,963.622667
5326,963.622667,-239.330526,963.622667
5327,963.622667,-138.884826,963.622667
5328,963.622667,-391.332667,963.622667
5329,963.622667,-466.552851,963.622667
5330,963.622667,-650.220602,963.622667
5331,963.622667,-619.970510,963.622667
5332,963.622667,-655.823809,963.622667
5333,963.622667,-544.476514,963.622667
5334,963.622667,-483.035617,963.622667
5335,963.622667,-259.441021,963.622667
5336,963.622667,-345.081734,963.622667
5337,963.622667,-456.243245,963.622667
5338,963.622667,-445.263280,963.622667
5339,963.622667,-186.570436,963.622667
5340,963.622667,-246.583421,963.622667
5341,963.622667,-233.706393,963.622667
5342,963.622667,-261.072120,963.622667
5343,963.622667,-267.385814,963.622667
5344,963.622667,-328.854636,963.622667
5345,963.622667,-281.211629,963.622667
5346,963.622667,-61.211924,963.622667
5347,963.622667,-399.977503,963.622667
5348,963.622667,-258.482757,963.622667
5349,963.622667,-101.035407,963.622667
5350,963.622667,-482.381404,963.622667
5351,963.622667,-491.120909,963.622667
5352,963.622667,-400.877587,963.622667
5353,963.622667,-268.388891,963.622667
5354,963.622667,-261.390648,963.622667
5355,963.622667,-516.713611,963.622667
5356,963.622667,-462.967053,963.622667
5357,963.622667,-624.380681,963.622667
5358,963.622667,-554.908126,963.622667
5359,963.622667,-580.107916,963.622667
5360,963.622667,-532.400323,963.622667
5361,963.622667,-517.089221,963.622667
5362,963.622667,-265.037104,963.622667
5363,963.622667,-255.649213,963.622667
5364,963.622667,-396.850092,963.622667
5365,963.622667,-363.445131,963.622667
5366,963.622667,-470.252011,963.622667
5367,963.622667,-225.650969,963.622667
5368,963.622667,-433.240527,963.622667
5369,963.622667,-562.001389,963.622667
5370,963.622667,-553.988649,963.622667
5371,963.622667,-495.461772,963.622667
5372,963.622667,-275.941235,963.622667
5373,963.622667,-363.273082,963.622667
5374,963.622667,-512.665967,963.622667
5375,963.622667,-477.686854,963.622667
5376,963.622667,-491.123501,963.622667
5377,963.622667,-372.793290,963.622667
5378,963.622667,-454.875770,963.622667
5379,963.622667,-434.627084,963.622667
5380,963.622667,-544.987214,963.622667
5381,963.622667,-590.111146,963.622667
5382,963.622667,-456.232599,963.622667
5383,963.622667,-340.916062,963.622667
5384,963.622667,-502.379200,963.622667
5385,963.622667,-402.624915,963.622667
5386,963.622667,-367.373000,963.622667
5387,963.622667,-411.852789,963.622667
5388,963.622667,-409.689859,963.622667
5389,963.622667,-274.651437,963.622667
5390,963.622667,-437.013871,963.622667
5391,963.622667,-447.667369,963.622667
5392,963.622667,-386.273223,963.622667
5393,963.622667,-356.820764,963.622667
5394,963.622667,-475.253619,963.622667
5395,963.622667,-498.291733,963.622667
5396,963.622667,-432.155151,963.622667
5397,963.622667,-450.082859,963.622667
5398,963.622667,-445.488995,963.622667
5399,963.622667,-467.835185,963.622667
5400,963.622667,-252.434097,963.622667
5401,963.622667,-321.903452,963.622667
5402,963.622667,-254.701103,963.622667
5403,963.622667,-149.959634,963.622667
5404,963.622667,-415.577647,963.622667
5405,963.622667,-385.562336,963.622667
5406,963.622667,-221.825952,963.622667
5407,963.622667,-258.582585,963.622667
5408,963.622667,-578.731545,963.622667
5409,963.622667,-506.695092,963.622667
5410,963.622667,-442.145454,963.622667
5411,963.622667,-408.056534,963.622667
5412,963.622667,-373.310751,963.622667
5413,963.622667,-289.271494,963.622667
5414,963.622667,-523.584122,963.622667
5415,963.622667,-460.767205,963.622667
5416,963.622667,-494.598317,963.622667
5417,963.622667,-557.958097,963.622667
5418,963.622667,-526.028771,963.622667
5419,963.622667,-360.081130,963.622667
5420,963.622667,-453.998192,963.622667
5421,963.622667,-350.989179,963.622667
5422,963.622667,-236.302050,963.622667
5423,963.622667,-423.601800,963.622667
5424,963.622667,-472.928674,963.622667
5425,963.622667,-310.968354,963.622667
5426,963.622667,-246.783371,963.622667
5427,963.622667,-298.547567,963.622667
5428,963.622667,-577.814836,963.622667
5429,963.622667,-485.437870,963.622667
5430,963.622667,-628.227852,963.622667
5431,963.622667,-601.595793,963.622667
5432,963.622667,-438.708669,963.622667
5433,963.622667,-304.637368,963.622667
5434,963.622667,-285.918504,963.622667
5435,963.622667,-480.948893,963.622667
5436,963.622667,-413.356080,963.622667
5437,963.622667,-437.075212,963.622667
5438,963.622667,-499.018544,963.622667
5439,963.622667,-384.922767,963.622667
5440,963.622667,-380.627994,963.622667
5441,963.622667,-352.494122,963.622667
5442,963.622667,-404.097273,963.622667
5443,963.622667,-377.302522,963.622667
5444,963.622667,-227.602519,963.622667
5445,963.622667,-264.386282,963.622667
5446,963.622667,-379.953720,963.622667
5447,963.622667,-186.030805,963.622667
5448,963.622667,-449.988446,963.622667
5449,963.622667,-576.098609,963.622667
5450,963.622667,-412.433847,963.622667
5451,963.622667,-446.053281,963.622667
5452,963.622667,-402.547677,963.622667
5453,963.622667,-432.832492,963.622667
5454,963.622667,-491.712989,963.622667
5455,963.622667,-685.543250,963.622667
5456,963.622667,-616.972164,963.622667
5457,963.622667,-528.536361,963.622667
5458,963.622667,-418.421945,963.622667
5459,963.622667,-449.100755,963.622667
5460,963.622667,-498.817977,963.622667
5461,963.622667,-427.139825,963.622667
5462,963.622667,-296.616511,963.622667
5463,963.622667,-512.509369,963.622667
5464,963.622667,-217.000747,963.622667
5465,963.622667,-465.385442,963.622667
5466,963.622667,-276.684596,963.622667
5467,963.622667,-516.014849,963.622667
5468,963.622667,-640.006524,963.622667
5469,963.622667,-431.212094,963.622667
5470,963.622667,-293.692443,963.622667
5471,963.622667,-286.934032,963.622667
5472,963.622667,-293.796025,963.622667
5473,963.622667,-256.495923,963.622667
5474,963.622667,-377.427632,963.622667
5475,963.622667,-474.358036,963.622667
5476,963.622667,-357.459352,963.622667
5477,963.622667,-208.569039,963.622667
5478,963.622667,-270.533336,963.622667
5479,963.622667,-309.248746,963.622667
5480,963.622667,-203.171120,963.622667
5481,963.622667,-353.177000,963.622667
5482,963.622667,-506.733016,963.622667
5483,963.622667,-405.240429,963.622667
5484,963.622667,-332.945775,963.622667
5485,963.622667,-330.173109,963.622667
5486,963.622667,-270.231469,963.622667
5487,963.622667,-351.455250,963.622667
5488,963.622667,-359.102129,963.622667
5489,963.622667,-573.237181,963.622667
5490,963.622667,-363.833678,963.622667
5491,963.622667,-370.431520,963.622667
5492,963.622667,-409.567963,963.622667
5493,963.622667,-532.236131,963.622667
5494,963.622667,-542.207393,963.622667
5495,963.622667,-472.886705,963.622667
5496,963.622667,-523.487220,963.622667
5497,963.622667,-398.778563,963.622667
5498,963.622667,-328.040909,963.622667
5499,963.622667,-392.709372,963.622667
5500,963.622667,-383.478724,963.622667
5501,963.622667,-440.475254,963.622667
5502,963.622667,-484.972151,963.622667
5503,963.622667,-463.773727,963.622667
5504,963.622667,-613.875123,963.622667
5505,963.622667,-499.323776,963.622667
5506,963.622667,-515.397947,963.622667
5507,963.622667,-522.632465,963.622667
5508,963.622667,-290.137878,963.622667
5509,963.622667,-385.543581,963.622667
5510,963.622667,-305.055697,963.622667
5511,963.622667,-506.292282,963.622667
5512,963.622667,-472.016454,963.622667
5513,963.622667,-455.649197,963.622667
5514,963.622667,-670.053675,963.622667
5515,963.622667,-416.364383,963.622667
5516,963.622667,-357.273253,963.622667
5517,963.622667,-617.556028,963.622667
5518,963.622667,-392.975509,963.622667
5519,963.622667,-435.144884,963.622667
5520,963.622667,-304.619502,963.622667
5521,963.622667,-364.896085,963.622667
5522,963.622667,-444.848391,963.622667
5523,963.622667,-663.958555,963.622667
5524,963.622667,-605.002714,963.622667
5525,963.622667,-553.837142,963.622667
5526,963.622667,-458.821944,963.622667
5527,963.622667,-540.921871,963.622667
5528,963.622667,-629.501880,963.622667
5529,963.622667,-588.350931,963.622667
5530,963.622667,-491.678258,963.622667
5531,963.622667,-306.992469,963.622667
5532,963.622667,-345.261651,963.622667
5533,963.622667,-139.314732,963.622667
5534,963.622667,-495.957310,963.622667
5535,963.622667,-362.364992,963.622667
5536,963.622667,-434.032352,963.622667
5537,963.622667,-439.701135,963.622667
5538,963.622667,-286.293653,963.622667
5539,963.622667,-294.721844,963.622667
5540,963.622667,-486.957639,963.622667
5541,963.622667,-211.287178,963.622667
5542,963.622667,-188.981433,963.622667
5543,963.622667,-303.579017,963.622667
5544,963.622667,-337.534682,963.622667
5545,963.622667,-517.936752,963.622667
5546,963.622667,-363.898653,963.622667
5547,963.622667,-230.824835,963.622667
5548,963.622667,-379.799413,963.622667
5549,963.622667,-451.348099,963.622667
5550,963.622667,-292.918318,963.622667
5551,963.622667,-348.509051,963.622667
5552,963.622667,-429.476581,963.622667
5553,963.622667,-342.355198,963.622667
5554,963.622667,-344.439050,963.622667
5555,963.622667,-359.560581,963.622667
5556,963.622667,-214.471008,963.622667
5557,963.622667,-396.691521,963.622667
5558,963.622667,-485.421692,963.622667
5559,963.622667,-461.860364,963.622667
5560,963.622667,-590.932842,963.622667
5561,963.622667,-646.704145,963.622667
5562,963.622667,-538.296495,963.622667
5563,963.622667,-518.625324,963.622667
5564,963.622667,-671.222251,963.622667
5565,963.622667,-517.159336,963.622667
5566,963.622667,-504.922825,963.622667
5567,963.622667,-506.169638,963.622667
5568,963.622667,-472.412166,963.622667
5569,963.622667,-276.335280,963.622667
5570,963.622667,-211.150101,963.622667
5571,963.622667,-430.514803,963.622667
5572,963.622667,-491.521955,963.622667
5573,963.622667,-315.741751,963.622667
5574,963.622667,-460.414504,963.622667
5575,963.622667,-389.440285,963.622667
5576,963.622667,-334.334389,963.622667
5577,963.622667,-338.688088,963.622667
5578,963.622667,-358.728356,963.622667
5579,963.622667,-338.741757,963.622667
5580,963.622667,-338.286083,963.622667
5581,963.622667,-498.369136,963.622667
5582,963.622667,-401.184738,963.622667
5583,963.622667,-465.354346,963.622667
5584,963.622667,-474.811080,963.622667
5585,963.622667,-263.613669,963.622667
5586,963.622667,-468.348023,963.622667
5587,963.622667,-521.076053,963.622667
5588,963.622667,-457.770599,963.622667
5589,963.622667,-550.147229,963.622667
5590,963.622667,-539.077849,963.622667
5591,963.622667,-678.986843,963.622667
5592,963.622667,-592.377600,963.622667
5593,963.622667,-571.841678,963.622667
5594,963.622667,-187.903708,963.622667
5595,963.622667,-373.343474,963.622667
5596,963.622667,-340.504216,963.622667
5597,963.622667,-366.043019,963.622667
5598,963.622667,-466.577154,963.622667
5599,963.622667,-359.039295,963.622667
5600,963.622667,-276.549060,963.622667
5601,963.622667,-379.987721,963.622667
5602,963.622667,-559.162692,963.622667
5603,963.622667,-351.664107,963.622667
5604,963.622667,-528.160272,963.622667
5605,963.622667,-418.731585,963.622667
5606,963.622667,-477.314101,963.622667
5607,963.622667,-433.512193,963.622667
5608,963.622667,-448.259550,963.622667
5609,963.622667,-521.632659,963.622667
5610,963.622667,-253.523368,963.622667
5611,963.622667,-361.904032,963.622667
5612,963.622667,-306.881011,963.622667
5613,963.622667,-233.698291,963.622667
5614,963.622667,-409.067010,963.622667
5615,963.622667,-607.153971,963.622667
5616,963.622667,-618.207177,963.622667
5617,963.622667,-551.421548,963.622667
5618,963.622667,-648.638874,963.622667
5619,963.622667,-690.258244,963.622667
5620,963.622667,-700.873977,963.622667
5621,963.622667,-537.439739,963.622667
5622,963.622667,-559.548041,963.622667
5623,963.622667,-380.566365,963.622667
5624,963.622667,-533.061821,963.622667
5625,963.622667,-377.215456,963.622667
5626,963.622667,-522.441137,963.622667
5627,963.622667,-358.973745,963.622667
5628,963.622667,-371.801767,963.622667
5629,963.622667,-356.443389,963.622667
5630,963.622667,-484.891593,963.622667
5631,963.622667,-444.159174,963.622667
5632,963.622667,-518.134539,963.622667
5633,963.622667,-670.820439,963.622667
5634,963.622667,-758.309273,963.622667
5635,963.622667,-532.618768,963.622667
5636,963.622667,-442.937644,963.622667
5637,963.622667,-396.600498,963.622667
5638,963.622667,-407.111133,963.622667
5639,963.622667,-401.018475,963.622667
5640,963.622667,-671.496874,963.622667
5641,963.622667,-379.162641,963.622667
5642,963.622667,-274.259054,963.622667
5643,963.622667,-388.096226,963.622667
5644,963.622667,-401.618137,963.622667
5645,963.622667,-177.552142,963.622667
5646,963.622667,-449.231004,963.622667
5647,963.622667,-382.396392,963.622667
5648,963.622667,-302.505730,963.622667
5649,963.622667,-544.205288,963.622667
5650,963.622667,-480.671870,963.622667
5651,963.622667,-321.307709,963.622667
5652,963.622667,-500.936744,963.622667
5653,963.622667,-300.728567,963.622667
5654,963.622667,-355.552830,963.622667
5655,963.622667,-602.193654,963.622667
5656,963.622667,-491.109570,963.622667
5657,963.622667,-398.654295,963.622667
5658,963.622667,-357.754301,963.622667
5659,963.622667,-468.068417,963.622667
5660,963.622667,-597.426539,963.622667
5661,963.622667,-628.246576,963.622667
5662,963.622667,-524.670381,963.622667
5663,963.622667,-598.528889,963.622667
5664,963.622667,-228.979000,963.622667
5665,963.622667,-408.886380,963.622667
5666,963.622667,-367.411363,963.622667
5667,963.622667,-287.858764,963.622667
5668,963.622667,-241.605899,963.622667
5669,963.622667,-425.384585,963.622667
5670,963.622667,-372.459874,963.622667
5671,963.622667,-231.660135,963.622667
5672,963.622667,-354.160114,963.622667
5673,963.622667,-103.965737,963.622667
5674,963.622667,-177.709857,963.622667
5675,963.622667,-295.914990,963.622667
5676,963.622667,-334.855851,963.622667
5677,963.622667,-219.979594,963.622667
5678,963.622667,-513.377200,963.622667
5679,963.622667,-510.119239,963.622667
5680,963.622667,-549.474317,963.622667
5681,963.622667,-562.961990,963.622667
5682,963.622667,-436.095171,963.622667
5683,963.848333,-415.171387,963.848333
5684,963.848333,-552.290024,963.848333
5685,963.848333,-431.821596,963.848333
5686,963.848333,-517.065068,963.848333
5687,963.848333,-767.722442,963.848333
5688,963.848333,-588.146751,963.848333
5689,963.848333,-356.136876,963.848333
5690,963.848333,-562.622141,963.848333
5691,963.848333,-421.350888,963.848333
5692,963.848333,-428.403497,963.848333
5693,963.848333,-363.120554,963.848333
5694,963.848333,-617.897720,963.848333
5695,963.848333,-481.975525,963.848333
5696,963.848333,-518.275335,963.848333
5697,963.848333,-422.736914,963.848333
5698,963.848333,-284.499261,963.848333
5699,963.848333,-149.997349,963.848333
5700,963.848333,-308.004498,963.848333
5701,963.848333,-414.569854,963.848333
5702,963.848333,-401.638611,963.848333
5703,963.848333,-365.809341,963.848333
5704,963.848333,-348.366648,963.848333
5705,963.848333,-545.934271,963.848333
5706,963.848333,-614.892560,963.848333
5707,963.848333,-496.534607,963.848333
5708,963.848333,-494.149520,963.848333
5709,963.848333,-440.863576,963.848333
5710,963.848333,-339.040271,963.848333
5711,963.848333,-438.016656,963.848333
5712,963.848333,-432.232816,963.848333
5713,963.848333,-481.170919,963.848333
5714,963.848333,-593.448482,963.848333
5715,963.848333,-515.273226,963.848333
5716,963.848333,-354.858672,963.848333
5717,963.848333,-325.227644,963.848333
5718,963.848333,-125.463143,963.848333
5719,963.848333,-280.424676,963.848333
5720,963.848333,-426.054391,963.848333
5721,963.848333,-190.681890,963.848333
5722,963.848333,-477.549543,963.848333
5723,963.848333,-515.558695,963.848333
5724,963.848333,-507.553224,963.848333
5725,963.848333,-490.242767,963.848333
5726,963.848333,-274.932646,963.848333
5727,963.848333,-503.950934,963.848333
5728,963.848333,-517.647952,963.848333
5729,963.848333,-577.302273,963.848333
5730,963.848333,-387.800871,963.848333
5731,963.848333,-568.731684,963.848333
5732,963.848333,-516.022696,963.848333
5733,963.848333,-507.741485,963.848333
5734,963.848333,-363.582501,963.848333
5735,964.134000,-429.782172,964.134000
5736,964.134000,-431.459005,964.134000
5737,964.134000,-213.223273,964.134000
5738,964.134000,-380.552547,964.134000
5739,964.134000,-213.484961,964.134000
5740,964.134000,-388.794876,964.134000
5741,964.134000,-275.797582,964.134000
5742,964.134000,-401.736974,964.134000
5743,964.134000,-268.339853,964.134000
5744,964.134000,-465.669938,964.134000
5745,964.134000,-556.536795,964.134000
5746,964.134000,-579.494076,964.134000
5747,964.134000,-545.051404,964.134000
5748,964.134000,-340.840364,964.134000
5749,964.134000,-423.659532,964.134000
5750,964.134000,-385.076543,964.134000
5751,964.134000,-346.393194,964.134000
5752,964.134000,-423.329518,964.134000
5753,964.134000,-550.086202,964.134000
5754,964.134000,-541.966152,964.134000
5755,964.134000,-502.147494,964.134000
5756,964.134000,-418.881772,964.134000
5757,964.134000,-308.744429,964.134000
5758,964.134000,-479.748856,964.134000
5759,964.134000,-571.732318,964.134000
5760,964.134000,-637.746345,964.134000
5761,964.134000,-430.689199,964.134000
5762,964.134000,-289.805265,964.134000
5763,964.134000,-307.024575,964.134000
5764,964.134000,-433.060918,964.134000
5765,964.134000,-359.588240,964.134000
5766,964.134000,-507.767431,964.134000
5767,964.134000,-389.639460,964.134000
5768,964.134000,-550.941714,964.134000
5769,964.134000,-613.307906,964.134000
5770,964.134000,-588.933845,964.134000
5771,964.134000,-396.276807,964.134000
5772,964.134000,-236.837499,964.134000
5773,964.134000,-223.157633,964.134000
5774,964.134000,-186.292463,964.134000
5775,964.134000,-395.168386,964.134000
5776,964.134000,-508.903905,964.134000
5777,964.134000,-403.896821,964.134000
5778,964.134000,-396.289383,964.134000
5779,964.134000,-427.854545,964.134000
5780,964.134000,-246.839837,964.134000
5781,964.134000,-212.212353,964.134000
5782,964.134000,-488.940693,964.134000
5783,964.134000,-464.697966,964.134000
5784,964.134000,-267.046541,964.134000
5785,964.134000,-521.887585,964.134000
5786,964.134000,-338.648263,964.134000
5787,964.134000,-464.926132,964.134000
5788,964.134000,-357.579794,964.134000
5789,964.134000,-680.961039,964.134000
5790,964.134000,-483.914920,964.134000
5791,964.134000,-216.649033,964.134000
5792,964.134000,-328.582494,964.134000
5793,964.134000,-455.809823,964.134000
5794,964.134000,-410.383365,964.134000
5795,964.134000,-317.402564,964.134000
5796,964.134000,-400.602161,964.134000
5797,964.134000,-595.621435,964.134000
5798,964.134000,-586.064138,964.134000
5799,964.134000,-536.212687,964.134000
5800,964.134000,-380.287740,964.134000
5801,964.134000,-523.902361,964.134000
5802,964.134000,-560.432795,964.134000
5803,964.134000,-457.010710,964.134000
5804,964.134000,-389.019688,964.134000
5805,964.134000,-352.414699,964.134000
5806,964.134000,-368.232115,964.134000
5807,964.134000,-370.379973,964.134000
5808,964.134000,-439.639611,964.134000
5809,964.134000,-210.023473,964.134000
5810,964.134000,-440.150511,964.134000
5811,964.134000,-339.535744,964.134000
5812,964.134000,-486.906946,964.134000
5813,964.134000,-358.440006,964.134000
5814,964.134000,-501.539986,964.134000
5815,964.134000,-365.444499,964.134000
5816,964.134000,-470.715559,964.134000
5817,964.134000,-478.866033,964.134000
5818,964.134000,-533.524790,964.134000
5819,964.134000,-541.247782,964.134000
5820,964.134000,-364.913931,964.134000
5821,964.134000,-504.819578,964.134000
5822,964.134000,-600.259602,964.134000
5823,964.134000,-447.526046,964.134000
5824,964.134000,-491.395794,964.134000
5825,964.134000,-303.901204,964.134000
5826,964.134000,-574.166621,964.134000
5827,964.134000,-494.311183,964.134000
5828,964.134000,-337.297883,964.134000
5829,964.134000,-283.646387,964.134000
5830,964.134000,-134.767088,964.134000
5831,964.134000,-344.405040,964.134000
5832,964.134000,-267.149743,964.134000
5833,964.134000,-372.052748,964.134000
5834,964.134000,-435.964834,964.134000
5835,964.134000,-341.931410,964.134000
5836,964.134000,-369.539022,964.134000
5837,964.134000,-282.256490,964.134000
5838,964.134000,-502.234713,964.134000
5839,964.134000,-577.837180,964.134000
5840,964.134000,-522.161598,964.134000
5841,964.134000,-619.851906,964.134000
5842,964.134000,-411.292205,964.134000
5843,964.134000,-387.548282,964.134000
5844,964.134000,-599.881808,964.134000
5845,964.134000,-492.445379,964.134000
5846,964.134000,-353.917718,964.134000
5847,964.134000,-354.546082,964.134000
5848,964.134000,-389.054121,964.134000
5849,964.134000,-238.466209,964.134000
5850,964.134000,-311.272508,964.134000
5851,964.134000,-665.648588,964.134000
5852,964.134000,-397.449191,964.134000
5853,964.134000,-653.987447,964.134000
5854,964.134000,-617.456132,964.134000
5855,964.134000,-412.499057,964.134000
5856,964.134000,-323.069915,964.134000
5857,964.134000,-373.903723,964.134000
5858,964.134000,-302.178935,964.134000
5859,964.134000,-329.600590,964.134000
5860,964.441333,-513.207459,964.441333
5861,964.441333,-520.932440,964.441333
5862,964.441333,-565.477833,964.441333
5863,964.441333,-423.660173,964.441333
5864,964.441333,-637.591846,964.441333
5865,964.441333,-593.298815,964.441333
5866,964.441333,-519.975924,964.441333
5867,964.441333,-541.010275,964.441333
5868,964.441333,-414.463473,964.441333
5869,964.441333,-606.988464,964.441333
5870,964.441333,-483.730670,964.441333
5871,964.441333,-368.575759,964.441333
5872,964.441333,-551.058846,964.441333
5873,964.441333,-359.424372,964.441333
5874,964.441333,-195.941394,964.441333
5875,964.441333,-526.462586,964.441333
5876,964.441333,-545.227797,964.441333
5877,964.441333,-431.102107,964.441333
5878,964.441333,-536.233752,964.441333
5879,964.441333,-383.205588,964.441333
5880,964.441333,-348.019205,964.441333
5881,964.441333,-355.479917,964.441333
5882,964.441333,-620.699262,964.441333
5883,964.441333,-337.408762,964.441333
5884,964.441333,-187.514145,964.441333
5885,964.441333,-487.482151,964.441333
5886,964.441333,-420.958946,964.441333
5887,964.441333,-219.655294,964.441333
5888,964.441333,-395.452635,964.441333
5889,964.441333,-523.146440,964.441333
5890,964.441333,-727.002344,964.441333
5891,964.441333,-731.808887,964.441333
5892,964.441333,-478.711794,964.441333
5893,964.441333,-373.905557,964.441333
5894,964.441333,-351.838668,964.441333
5895,964.441333,-510.972411,964.441333
5896,964.441333,-528.602901,964.441333
5897,964.441333,-410.789283,964.441333
5898,964.441333,-502.882203,964.441333
5899,964.441333,-587.218573,964.441333
5900,964.441333,-596.634994,964.441333
5901,964.441333,-386.809003,964.441333
5902,964.441333,-477.387305,964.441333
5903,964.441333,-448.722700,964.441333
5904,964.441333,-321.085771,964.441333
5905,964.441333,-321.894408,964.441333
5906,964.441333,-406.201158,964.441333
5907,964.441333,-303.573666,964.441333
5908,964.441333,-476.693907,964.441333
5909,964.441333,-549.814730,964.441333
5910,964.441333,-472.193085,964.441333
5911,964.441333,-400.205329,964.441333
5912,964.441333,-359.776885,964.441333
5913,964.441333,-319.914515,964.441333
5914,964.441333,-557.456593,964.441333
5915,964.441333,-462.689048,964.441333
5916,964.441333,-384.072247,964.441333
5917,964.441333,-260.601680,964.441333
5918,964.441333,-355.246693,964.441333
5919,964.441333,-398.947632,964.441333
5920,964.441333,-353.504041,964.441333
5921,964.441333,-436.180168,964.441333
5922,964.441333,-445.074494,964.441333
5923,964.441333,-259.856256,964.441333
5924,964.441333,-289.518585,964.441333
5925,964.441333,-179.722969,964.441333
5926,964.441333,-401.922304,964.441333
5927,964.441333,-558.152019,964.441333
5928,964.441333,-359.124628,964.441333
5929,964.441333,-624.354129,964.441333
5930,964.441333,-521.470496,964.441333
5931,964.441333,-437.996396,964.441333
5932,964.441333,-436.305019,964.441333
5933,964.441333,-429.030075,964.441333
5934,964.441333,-594.433404,964.441333
5935,964.441333,-528.031294,964.441333
5936,964.441333,-518.321410,964.441333
5937,964.441333,-495.110994,964.441333
5938,964.441333,-657.814123,964.441333
5939,964.441333,-613.473505,964.441333
5940,964.441333,-536.991127,964.441333
5941,964.441333,-414.642643,964.441333
5942,964.441333,-264.763077,964.441333
5943,964.441333,-584.577019,964.441333
5944,964.441333,-654.497477,964.441333
5945,964.441333,-704.731877,964.441333
5946,964.441333,-424.852053,964.441333
5947,964.441333,-409.683182,964.441333
5948,964.441333,-402.715358,964.441333
5949,964.441333,-183.788139,964.441333
5950,964.441333,-283.828099,964.441333
5951,964.441333,-457.944342,964.441333
5952,964.441333,-326.675939,964.441333
5953,964.441333,-583.741545,964.441333
5954,964.441333,-508.213654,964.441333
5955,964.441333,-325.460403,964.441333
5956,964.441333,-465.801049,964.441333
5957,964.441333,-364.156146,964.441333
5958,964.441333,-404.975860,964.441333
5959,964.441333,-489.344313,964.441333
5960,964.441333,-703.736875,964.441333
5961,964.441333,-468.899276,964.441333
5962,964.441333,-435.438423,964.441333
5963,964.441333,-451.967613,964.441333
5964,964.441333,-144.012196,964.441333
5965,964.441333,-442.632601,964.441333
5966,964.441333,-432.175365,964.441333
5967,964.441333,-427.099326,964.441333
5968,964.441333,-409.728845,964.441333
5969,964.441333,-436.601974,964.441333
5970,964.441333,-302.276759,964.441333
5971,964.441333,-432.140899,964.441333
5972,964.441333,-510.305671,964.441333
5973,964.441333,-593.082226,964.441333
5974,964.441333,-578.338405,964.441333
5975,964.441333,-707.163232,964.441333
5976,964.441333,-574.232959,964.441333
5977,964.441333,-481.731772,964.441333
5978,964.441333,-401.515171,964.441333
5979,964.441333,-379.922199,964.441333
5980,964.441333,-610.234995,964.441333
5981,964.441333,-543.187571,964.441333
5982,964.441333,-498.661225,964.441333
5983,964.441333,-301.206699,964.441333
5984,964.441333,-269.542313,964.441333
5985,964.441333,-124.853702,964.441333
5986,964.441333,-359.829009,964.441333
5987,964.441333,-518.230909,964.441333
5988,964.441333,-347.676787,964.441333
5989,964.441333,-378.271414,964.441333
5990,964.441333,-387.397528,964.441333
5991,964.441333,-519.694576,964.441333
5992,964.441333,-531.332858,964.441333
5993,964.441333,-433.180620,964.441333
5994,964.441333,-384.978941,964.441333
5995,964.441333,-628.709700,964.441333
5996,964.441333,-462.476085,964.441333
5997,964.441333,-455.016953,964.441333
5998,964.441333,-547.715184,964.441333
5999,964.441333,-560.171021,964.441333
6000,964.441333,-349.710850,964.441333
6001,964.441333,-287.023347,964.441333
6002,964.441333,-578.264481,964.441333
6003,964.441333,-420.504605,964.441333
6004,964.441333,-429.058420,964.441333
6005,964.441333,-378.191804,964.441333
6006,964.441333,-453.538642,964.441333
6007,964.441333,-448.445589,964.441333
6008,964.441333,-359.275568,964.441333
6009,964.441333,-583.129774,964.441333
6010,964.441333,-641.913852,964.441333
6011,964.441333,-371.189259,964.441333
6012,964.441333,-220.340861,964.441333
6013,964.441333,-423.990985,964.441333
6014,964.441333,-268.540768,964.441333
6015,964.441333,-435.191179,964.441333
6016,964.441333,-473.733280,964.441333
6017,964.441333,-291.346914,964.441333
6018,964.441333,-323.790434,964.441333
6019,964.441333,-470.520098,964.441333
6020,964.441333,-548.373246,964.441333
6021,964.441333,-329.659141,964.441333
6022,964.441333,-259.928679,964.441333
6023,964.441333,-352.048669,964.441333
6024,964.441333,-188.668188,964.441333
6025,964.441333,-320.659220,964.441333
6026,964.441333,-336.811912,964.441333
6027,964.441333,-392.923061,964.441333
6028,964.441333,-744.089260,964.441333
6029,964.441333,-395.874909,964.441333
6030,964.441333,-256.856337,964.441333
6031,964.441333,-384.923518,964.441333
6032,964.441333,-550.602264,964.441333
6033,964.441333,-534.647918,964.441333
6034,964.441333,-530.373610,964.441333
6035,964.441333,-638.820848,964.441333
6036,964.441333,-717.958319,964.441333
6037,964.441333,-459.045361,964.441333
6038,964.441333,-487.473898,964.441333
6039,964.441333,-471.153358,964.441333
6040,964.441333,-416.207288,964.441333
6041,964.441333,-434.098789,964.441333
6042,964.441333,-341.125924,964.441333
6043,964.441333,-617.933483,964.441333
6044,964.441333,-422.003485,964.441333
6045,964.441333,-485.831339,964.441333
6046,964.441333,-403.608863,964.441333
6047,964.441333,-260.546242,964.441333
6048,964.441333,-544.834667,964.441333
6049,964.441333,-281.228688,964.441333
6050,964.441333,-465.102704,964.441333
6051,964.441333,-412.101681,964.441333
6052,964.441333,-550.543145,964.441333
6053,964.441333,-501.056693,964.441333
6054,964.441333,-571.801326,964.441333
6055,964.441333,-538.123136,964.441333
6056,964.441333,-443.031113,964.441333
6057,964.441333,-373.084617,964.441333
6058,964.441333,-457.054059,964.441333
6059,964.441333,-534.033836,964.441333
6060,964.441333,-537.791538,964.441333
6061,964.441333,-339.998846,964.441333
6062,964.441333,-491.107890,964.441333
6063,964.441333,-540.295001,964.441333
6064,964.441333,-571.191265,964.441333
6065,964.441333,-565.648534,964.441333
6066,964.441333,-480.684492,964.441333
6067,964.441333,-486.284734,964.441333
6068,964.441333,-449.103223,964.441333
6069,964.441333,-490.958635,964.441333
6070,964.441333,-329.200714,964.441333
6071,964.441333,-394.681580,964.441333
6072,964.441333,-389.592266,964.441333
6073,964.441333,-419.617624,964.441333
6074,964.441333,-308.614071,964.441333
6075,964.441333,-437.155078,964.441333
6076,964.441333,-551.578999,964.441333
6077,964.441333,-516.396381,964.441333
6078,964.441333,-366.889192,964.441333
6079,964.441333,-325.825878,964.441333
6080,964.441333,-385.057622,964.441333
6081,964.441333,-238.671883,964.441333
6082,964.441333,-309.937593,964.441333
6083,964.441333,-516.240968,964.441333
6084,964.441333,-526.414843,964.441333
6085,964.441333,-536.475621,964.441333
6086,964.441333,-573.202956,964.441333
6087,964.441333,-383.387356,964.441333
6088,964.441333,-592.956157,964.441333
6089,964.441333,-592.143654,964.441333
6090,964.441333,-511.964869,964.441333
6091,964.441333,-564.358567,964.441333
6092,964.441333,-279.091247,964.441333
6093,964.441333,-546.144446,964.441333
6094,964.441333,-536.136854,964.441333
6095,964.441333,-439.995779,964.441333
6096,964.441333,-479.411401,964.441333
6097,964.441333,-530.054038,964.441333
6098,964.441333,-534.963493,964.441333
6099,964.441333,-508.107528,964.441333
6100,964.441333,-233.295613,964.441333
6101,964.441333,-391.306506,964.441333
6102,964.441333,-283.591651,964.441333
6103,964.441333,-428.177687,964.441333
6104,964.441333,-235.821760,964.441333
6105,964.441333,-502.789283,964.441333
6106,964.441333,-394.276848,964.441333
6107,964.441333,-354.532599,964.441333
6108,964.441333,-655.286087,964.441333
6109,964.441333,-551.286941,964.441333
6110,964.441333,-426.957457,964.441333
6111,964.441333,-251.650754,964.441333
6112,964.441333,-305.129822,964.441333
6113,964.441333,-348.772316,964.441333
6114,964.441333,-282.412842,964.441333
6115,964.441333,-463.019090,964.441333
6116,964.441333,-331.889366,964.441333
6117,964.441333,-467.381774,964.441333
6118,964.441333,-357.535574,964.441333
6119,964.441333,-368.089508,964.441333
6120,964.441333,-129.558861,964.441333
6121,964.441333,-262.103601,964.441333
6122,964.441333,-375.614816,964.441333
6123,964.441333,-420.172836,964.441333
6124,964.441333,-543.070993,964.441333
6125,964.441333,-494.819641,964.441333
6126,964.441333,-578.865296,964.441333
6127,964.441333,-448.700714,964.441333
6128,964.441333,-251.507031,964.441333
6129,964.441333,-292.253221,964.441333
6130,964.441333,-366.751214,964.441333
6131,964.441333,-507.630856,964.441333
6132,964.441333,-351.043913,964.441333
6133,964.441333,-386.298883,964.441333
6134,964.441333,-207.072991,964.441333
6135,964.441333,-191.434191,964.441333
6136,964.441333,-176.139681,964.441333
6137,964.441333,-432.743129,964.441333
6138,964.441333,-473.421420,964.441333
6139,964.441333,-458.287212,964.441333
6140,964.441333,-257.549904,964.441333
6141,964.441333,-270.593515,964.441333
6142,964.441333,-290.833314,964.441333
6143,964.441333,-362.526261,964.441333
6144,964.441333,-396.350200,964.441333
6145,964.441333,-498.852929,964.441333
6146,964.441333,-438.102164,964.441333
6147,964.441333,-348.542932,964.441333
6148,964.441333,-433.895767,964.441333
6149,964.441333,-563.572129,964.441333
6150,964.441333,-443.835135,964.441333
6151,964.441333,-431.970568,964.441333
6152,964.441333,-428.045574,964.441333
6153,964.441333,-325.653727,964.441333
6154,964.441333,-461.087331,964.441333
6155,964.441333,-401.884477,964.441333
6156,964.441333,-348.421815,964.441333
6157,964.441333,-231.442519,964.441333
6158,964.441333,-420.117448,964.441333
6159,964.441333,-311.704258,964.441333
6160,964.441333,-79.832875,964.441333
6161,964.441333,-321.181431,964.441333
6162,964.441333,-611.445787,964.441333
6163,964.441333,-429.438512,964.441333
6164,964.441333,-334.571336,964.441333
6165,964.441333,-314.948889,964.441333
6166,964.441333,-266.719744,964.441333
6167,964.441333,-457.622163,964.441333
6168,964.441333,-448.336849,964.441333
6169,964.441333,-238.722860,964.441333
6170,964.441333,-309.111833,964.441333
6171,964.441333,-606.916513,964.441333
6172,964.441333,-462.165027,964.441333
6173,964.441333,-440.276734,964.441333
6174,964.441333,-543.463509,964.441333
6175,964.441333,-533.535337,964.441333
6176,964.441333,-508.057513,964.441333
6177,964.441333,-390.163739,964.441333
6178,964.441333,-380.667329,964.441333
6179,964.441333,-389.999477,964.441333
6180,964.441333,-274.877058,964.441333
6181,964.441333,-483.972038,964.441333
6182,964.441333,-659.016943,964.441333
6183,964.441333,-740.027335,964.441333
6184,964.441333,-534.696129,964.441333
6185,964.441333,-587.101595,964.441333
6186,964.441333,-334.163776,964.441333
6187,964.441333,-433.393304,964.441333
6188,964.441333,-553.073383,964.441333
6189,964.441333,-582.257982,964.441333
6190,964.441333,-528.092044,964.441333
6191,964.441333,-263.115259,964.441333
6192,964.441333,-157.912985,964.441333
6193,964.441333,-214.738828,964.441333
6194,964.441333,-483.416705,964.441333
6195,964.441333,-397.831449,964.441333
6196,964.441333,-240.121894,964.441333
6197,964.441333,-323.154415,964.441333
6198,964.441333,-350.816329,964.441333
6199,964.441333,-442.348772,964.441333
6200,964.441333,-396.818898,964.441333
6201,964.441333,-532.607815,964.441333
6202,964.441333,-538.026895,964.441333
6203,964.441333,-591.443109,964.441333
6204,964.441333,-623.968390,964.441333
6205,964.441333,-651.239951,964.441333
6206,964.441333,-667.343146,964.441333
6207,964.441333,-752.721904,964.441333
6208,964.441333,-511.928695,964.441333
6209,964.441333,-332.953901,964.441333
6210,964.441333,-433.696897,964.441333
6211,964.441333,-578.937429,964.441333
6212,964.441333,-501.400142,964.441333
6213,964.441333,-447.527626,964.441333
6214,964.441333,-432.759592,964.441333
6215,964.545667,-398.013654,964.545667
6216,964.545667,-332.049389,964.545667
6217,964.545667,-466.442424,964.545667
6218,964.545667,-663.041360,964.545667
6219,964.545667,-441.732104,964.545667
6220,964.545667,-443.805445,964.545667
6221,964.545667,-368.978615,964.545667
6222,964.545667,-431.425039,964.545667
6223,964.545667,-727.315629,964.545667
6224,964.545667,-430.440363,964.545667
6225,964.545667,-452.693919,964.545667
6226,964.545667,-240.561421,964.545667
6227,964.545667,-467.588046,964.545667
6228,964.545667,-388.683084,964.545667
6229,964.545667,-355.024102,964.545667
6230,964.545667,-251.084691,964.545667
6231,964.545667,-239.098522,964.545667
6232,964.545667,-469.673906,964.545667
6233,964.545667,-472.878368,964.545667
6234,964.545667,-438.702222,964.545667
6235,964.545667,-571.764527,964.545667
6236,964.545667,-411.442383,964.545667
6237,964.545667,-574.360095,964.545667
6238,964.545667,-486.773067,964.545667
6239,964.545667,-340.016229,964.545667
6240,964.545667,-590.125094,964.545667
6241,964.545667,-536.104418,964.545667
6242,964.545667,-504.522258,964.545667
6243,964.545667,-339.365486,964.545667
6244,964.545667,-428.264754,964.545667
6245,964.545667,-346.904153,964.545667
6246,964.545667,-479.976529,964.545667
6247,964.545667,-668.831813,964.545667
6248,964.545667,-445.412355,964.545667
6249,964.545667,-310.774665,964.545667
6250,964.545667,-358.007425,964.545667
6251,964.545667,-501.836220,964.545667
6252,964.545667,-547.957427,964.545667
6253,964.545667,-431.531726,964.545667
6254,964.545667,-411.826822,964.545667
6255,964.545667,-373.799951,964.545667
6256,964.545667,-701.339664,964.545667
6257,964.545667,-425.025351,964.545667
6258,964.545667,-429.981678,964.545667
6259,964.545667,-318.641142,964.545667
6260,964.545667,-247.171049,964.545667
6261,964.545667,-532.265148,964.545667
6262,964.545667,-562.244804,964.545667
6263,964.545667,-322.057476,964.545667
6264,964.545667,-327.351842,964.545667
6265,964.545667,-325.228214,964.545667
6266,964.545667,-527.817883,964.545667
6267,964.545667,-666.883107,964.545667
6268,964.545667,-602.095016,964.545667
6269,964.545667,-581.926096,964.545667
6270,964.545667,-658.215132,964.545667
6271,964.545667,-521.304816,964.545667
6272,964.545667,-611.434239,964.545667
6273,964.545667,-592.720958,964.545667
6274,964.545667,-501.188017,964.545667
6275,964.545667,-416.745328,964.545667
6276,964.545667,-385.624066,964.545667
6277,964.545667,-760.946772,964.545667
6278,964.545667,-653.478046,964.545667
6279,964.545667,-509.384892,964.545667
6280,964.545667,-498.572779,964.545667
6281,964.545667,-565.593397,964.545667
6282,964.545667,-574.347927,964.545667
6283,964.545667,-377.644114,964.545667
6284,964.545667,-397.766752,964.545667
6285,964.545667,-444.341293,964.545667
6286,964.545667,-197.760550,964.545667
6287,964.545667,-164.683424,964.545667
6288,964.545667,-407.012716,964.545667
6289,964.545667,-169.821738,964.545667
6290,964.545667,-672.517330,964.545667
6291,964.545667,-548.241717,964.545667
6292,964.545667,-568.709888,964.545667
6293,964.545667,-519.852901,964.545667
6294,964.545667,-494.181735,964.545667
6295,964.545667,-468.517675,964.545667
6296,964.545667,-622.828274,964.545667
6297,964.545667,-711.395922,964.545667
6298,964.545667,-691.943522,964.545667
6299,964.545667,-594.772749,964.545667
6300,964.545667,-573.246665,964.545667
6301,964.545667,-484.150162,964.545667
6302,964.545667,-450.054996,964.545667
6303,964.545667,-494.360545,964.545667
6304,964.545667,-480.122683,964.545667
6305,964.545667,-415.168911,964.545667
6306,964.545667,-110.028718,964.545667
6307,964.545667,-457.964918,964.545667
6308,964.545667,-466.906840,964.545667
6309,964.545667,-369.499962,964.545667
6310,964.545667,-485.085286,964.545667
6311,964.545667,-357.252826,964.545667
6312,964.545667,-322.224756,964.545667
6313,964.545667,-327.240279,964.545667
6314,964.545667,-244.913715,964.545667
6315,964.545667,-382.118964,964.545667
6316,964.545667,-393.708124,964.545667
6317,964.545667,-473.225907,964.545667
6318,964.545667,-440.539612,964.545667
6319,964.545667,-340.033855,964.545667
6320,964.545667,-478.848686,964.545667
6321,964.545667,-431.540191,964.545667
6322,964.545667,-504.540536,964.545667
6323,964.545667,-601.971141,964.545667
6324,964.545667,-662.723714,964.545667
6325,964.545667,-619.512512,964.545667
6326,964.545667,-492.441208,964.545667
6327,964.545667,-174.101766,964.545667
6328,964.545667,-207.962284,964.545667
6329,964.545667,-426.095371,964.545667
6330,964.545667,-421.004913,964.545667
6331,964.545667,-527.168718,964.545667
6332,964.545667,-501.219818,964.545667
6333,964.545667,-306.534942,964.545667
6334,964.545667,-182.618791,964.545667
6335,964.545667,-65.721513,964.545667
6336,964.545667,-312.420125,964.545667
6337,964.545667,-358.250157,964.545667
6338,964.545667,-208.272889,964.545667
6339,964.545667,-495.982603,964.545667
6340,964.545667,-437.897370,964.545667
6341,964.545667,-375.679723,964.545667
6342,964.545667,-362.829464,964.545667
6343,964.545667,-214.596777,964.545667
6344,964.545667,-439.306097,964.545667
6345,964.545667,-311.599663,964.545667
6346,964.545667,-274.085735,964.545667
6347,964.545667,-436.414363,964.545667
6348,964.545667,-321.437067,964.545667
6349,964.545667,-487.395663,964.545667
6350,964.545667,-423.548125,964.545667
6351,964.545667,-396.587694,964.545667
6352,964.545667,-509.198475,964.545667
6353,964.545667,-242.699272,964.545667
6354,964.545667,-480.312763,964.545667
6355,964.545667,-359.454507,964.545667
6356,964.545667,-514.731466,964.545667
6357,964.545667,-510.532499,964.545667
6358,964.545667,-571.748713,964.545667
6359,964.545667,-504.798157,964.545667
6360,964.545667,-313.055779,964.545667
6361,964.545667,-192.794420,964.545667
6362,964.545667,-357.147295,964.545667
6363,964.545667,-407.124264,964.545667
6364,964.545667,-164.598788,964.545667
6365,964.545667,-433.090044,964.545667
6366,964.545667,-344.440971,964.545667
6367,964.545667,-535.866045,964.545667
6368,964.545667,-447.779054,964.545667
6369,964.545667,-372.083784,964.545667
6370,964.545667,-276.913604,964.545667
6371,964.545667,-499.816228,964.545667
6372,964.545667,-465.043057,964.545667
6373,964.545667,-457.115543,964.545667
6374,964.545667,-326.840927,964.545667
6375,964.545667,-253.282118,964.545667
6376,964.545667,-400.335327,964.545667
6377,964.545667,-639.209857,964.545667
6378,964.545667,-566.688446,964.545667
6379,964.545667,-543.805349,964.545667
6380,964.545667,-491.887857,964.545667
6381,964.545667,-443.868862,964.545667
6382,964.545667,-473.099896,964.545667
6383,964.545667,-557.447449,964.545667
6384,964.545667,-535.049097,964.545667
6385,964.545667,-633.170223,964.545667
6386,964.545667,-347.291243,964.545667
6387,964.545667,-430.314344,964.545667
6388,964.545667,-535.024359,964.545667
6389,964.545667,-495.121923,964.545667
6390,964.545667,-467.539519,964.545667
6391,964.545667,-515.983928,964.545667
6392,964.545667,-432.933813,964.545667
6393,964.545667,-565.698728,964.545667
6394,964.545667,-426.057478,964.545667
6395,964.545667,-400.066731,964.545667
6396,964.545667,-511.611996,964.545667
6397,964.545667,-447.251919,964.545667
6398,964.545667,-121.141901,964.545667
6399,964.545667,-486.269618,964.545667
6400,964.545667,-480.240258,964.545667
6401,964.545667,-603.733465,964.545667
6402,964.545667,-408.330769,964.545667
6403,964.545667,-516.509667,964.545667
6404,964.545667,-523.603186,964.545667
6405,964.545667,-488.730487,964.545667
6406,964.545667,-337.159320,964.545667
6407,964.545667,-291.880690,964.545667
6408,964.545667,-517.513818,964.545667
6409,964.545667,-403.321141,964.545667
6410,964.545667,-276.264507,964.545667
6411,964.545667,-344.653503,964.545667
6412,964.545667,-324.834384,964.545667
6413,964.545667,-371.652899,964.545667
6414,964.545667,-354.577323,964.545667
6415,964.545667,-413.041073,964.545667
6416,964.545667,-484.074862,964.545667
6417,964.545667,-393.185393,964.545667
6418,964.545667,-483.803377,964.545667
6419,964.545667,-433.437916,964.545667
6420,964.545667,-275.374805,964.545667
6421,964.545667,-371.964863,964.545667
6422,964.545667,-434.855911,964.545667
6423,964.545667,-352.279488,964.545667
6424,964.545667,-368.618655,964.545667
6425,964.545667,-374.904817,964.545667
6426,964.545667,-467.193041,964.545667
6427,964.545667,-314.753440,964.545667
6428,964.545667,-296.147006,964.545667
6429,964.545667,-372.182951,964.545667
6430,964.545667,-214.167369,964.545667
6431,964.545667,-394.653783,964.545667
6432,964.545667,-534.283843,964.545667
6433,964.545667,-301.510994,964.545667
6434,964.545667,-244.135301,964.545667
6435,964.545667,-521.050366,964.545667
6436,964.545667,-440.515406,964.545667
6437,964.545667,-560.824430,964.545667
6438,964.545667,-505.394447,964.545667
6439,964.545667,-649.414974,964.545667
6440,964.545667,-531.066172,964.545667
6441,964.545667,-385.592789,964.545667
6442,964.545667,-424.788259,964.545667
6443,964.545667,-381.829602,964.545667
6444,964.545667,-151.883110,964.545667
6445,964.545667,-284.068267,964.545667
6446,964.545667,-565.350608,964.545667
6447,964.545667,-572.588592,964.545667
6448,964.545667,-667.727507,964.545667
6449,964.545667,-638.353714,964.545667
6450,964.545667,-599.666987,964.545667
6451,964.545667,-656.396221,964.545667
6452,964.545667,-295.793788,964.545667
6453,964.545667,-326.793758,964.545667
6454,964.545667,-397.611390,964.545667
6455,964.545667,-313.707255,964.545667
6456,964.545667,-223.989854,964.545667
6457,964.545667,-296.298570,964.545667
6458,964.545667,-500.875469,964.545667
6459,964.545667,-402.031295,964.545667
6460,964.545667,-531.983868,964.545667
6461,964.545667,-470.010241,964.545667
6462,964.545667,-571.645389,964.545667
6463,964.545667,-545.918096,964.545667
6464,964.545667,-608.131352,964.545667
6465,964.545667,-388.047994,964.545667
6466,964.545667,-601.044609,964.545667
6467,964.545667,-365.248211,964.545667
6468,964.545667,-323.507147,964.545667
6469,964.545667,-316.617117,964.545667
6470,964.545667,-516.996584,964.545667
6471,964.545667,-515.085919,964.545667
6472,964.545667,-461.244084,964.545667
6473,964.545667,-344.478960,964.545667
6474,964.545667,-462.686377,964.545667
6475,964.545667,-680.337736,964.545667
6476,964.545667,-558.029078,964.545667
6477,964.545667,-405.321417,964.545667
6478,964.545667,-583.260762,964.545667
6479,964.545667,-583.361183,964.545667
6480,964.545667,-512.050502,964.545667
6481,964.545667,-560.252077,964.545667
6482,964.545667,-457.318468,964.545667
6483,964.545667,-334.351359,964.545667
6484,964.545667,-447.032786,964.545667
6485,964.545667,-443.156282,964.545667
6486,964.545667,-527.334981,964.545667
6487,964.545667,-431.292051,964.545667
6488,964.545667,-236.582999,964.545667
6489,964.545667,-375.704965,964.545667
6490,964.545667,-494.617571,964.545667
6491,964.545667,-342.953631,964.545667
6492,964.545667,-461.035704,964.545667
6493,964.545667,-240.836383,964.545667
6494,964.545667,-365.178743,964.545667
6495,964.545667,-523.622258,964.545667
6496,964.545667,-399.263065,964.545667
6497,964.545667,-326.665639,964.545667
6498,964.545667,-496.055067,964.545667
6499,964.545667,-559.941509,964.545667
6500,964.545667,-273.354982,964.545667
6501,964.545667,-272.299417,964.545667
6502,964.545667,-263.781954,964.545667
6503,964.545667,-140.813095,964.545667
6504,964.545667,-603.694122,964.545667
6505,964.545667,-519.249953,964.545667
6506,964.545667,-562.434931,964.545667
6507,964.545667,-498.891294,964.545667
6508,964.545667,-688.276652,964.545667
6509,964.545667,-552.288078,964.545667
6510,964.545667,-535.331798,964.545667
6511,964.545667,-370.919084,964.545667
6512,964.545667,-131.783936,964.545667
6513,964.545667,-425.047735,964.545667
6514,964.545667,-543.195513,964.545667
6515,964.545667,-627.140475,964.545667
6516,964.545667,-445.366616,964.545667
6517,964.545667,-361.823299,964.545667
6518,964.545667,-283.790668,964.545667
6519,964.545667,-630.354875,964.545667
6520,964.545667,-482.977345,964.545667
6521,964.545667,-497.648989,964.545667
6522,964.545667,-454.526495,964.545667
6523,964.545667,-368.942156,964.545667
6524,964.545667,-385.751343,964.545667
6525,964.545667,-679.564355,964.545667
6526,964.545667,-547.658453,964.545667
6527,964.545667,-403.828583,964.545667
6528,964.545667,-486.235656,964.545667
6529,964.545667,-198.768793,964.545667
6530,964.545667,-193.204499,964.545667
6531,964.545667,-461.321435,964.545667
6532,964.545667,-572.048948,964.545667
6533,964.545667,-628.508199,964.545667
6534,964.545667,-455.546929,964.545667
6535,964.545667,-445.197890,964.545667
6536,964.545667,-660.877864,964.545667
6537,964.545667,-679.470250,964.545667
6538,964.545667,-715.573709,964.545667
6539,964.545667,-447.346978,964.545667
6540,964.545667,-509.233700,964.545667
6541,964.545667,-708.591960,964.545667
6542,964.545667,-658.734535,964.545667
6543,964.545667,-721.582119,964.545667
6544,964.545667,-718.715977,964.545667
6545,964.545667,-429.035707,964.545667
6546,964.545667,-494.043993,964.545667
6547,964.545667,-287.277998,964.545667
6548,964.545667,-310.747111,964.545667
6549,964.545667,-495.354998,964.545667
6550,964.545667,-520.523184,964.545667
6551,964.545667,-203.042606,964.545667
6552,964.545667,-233.665762,964.545667
6553,964.545667,-242.578147,964.545667
6554,964.545667,-350.949740,964.545667
6555,964.545667,-311.486995,964.545667
6556,964.545667,-264.581848,964.545667
6557,964.545667,-456.183954,964.545667
6558,964.545667,-377.590841,964.545667
6559,964.545667,-486.691996,964.545667
6560,964.545667,-392.305802,964.545667
6561,964.545667,-524.428168,964.545667
6562,964.545667,-502.559770,964.545667
6563,964.545667,-556.487862,964.545667
6564,964.545667,-451.847769,964.545667
6565,964.545667,-494.080757,964.545667
6566,964.545667,-418.696903,964.545667
6567,964.545667,-604.592339,964.545667
6568,964.545667,-487.998940,964.545667
6569,964.545667,-578.156927,964.545667
6570,964.545667,-357.444059,964.545667
6571,964.545667,-229.119703,964.545667
6572,964.545667,-364.102922,964.545667
6573,964.545667,-396.513398,964.545667
6574,964.545667,-231.238458,964.545667
6575,964.545667,-433.428134,964.545667
6576,964.545667,-215.229125,964.545667
6577,964.545667,-279.485075,964.545667
6578,964.545667,-415.282267,964.545667
6579,964.545667,-415.025416,964.545667
6580,964.545667,-280.148634,964.545667
6581,964.545667,-392.533630,964.545667
6582,964.545667,-585.600757,964.545667
6583,964.545667,-520.142212,964.545667
6584,964.545667,-318.999333,964.545667
6585,964.545667,-313.537133,964.545667
6586,964.545667,-406.964716,964.545667
6587,964.545667,-386.453571,964.545667
6588,964.545667,-384.419231,964.545667
6589,964.545667,-361.100395,964.545667
6590,964.545667,-533.665528,964.545667
6591,964.545667,-499.301251,964.545667
6592,964.545667,-347.394050,964.545667
6593,964.545667,-482.305912,964.545667
6594,964.545667,-410.496903,964.545667
6595,964.545667,-299.544524,964.545667
6596,964.545667,-167.921952,964.545667
6597,964.545667,-287.076695,964.545667
6598,964.545667,-427.465869,964.545667
6599,964.545667,-401.885108,964.545667
6600,964.545667,-319.156346,964.545667
6601,964.545667,-596.593622,964.545667
6602,964.545667,-661.033061,964.545667
6603,964.545667,-562.667987,964.545667
6604,964.545667,-518.788063,964.545667
6605,964.545667,-521.358605,964.545667
6606,964.545667,-505.379659,964.545667
6607,964.545667,-582.565851,964.545667
6608,964.545667,-581.216092,964.545667
6609,964.545667,-685.068928,964.545667
6610,964.545667,-398.339375,964.545667
6611,964.545667,-405.110859,964.545667
6612,964.545667,-249.553827,964.545667
6613,964.545667,-324.884959,964.545667
6614,964.545667,-481.350027,964.545667
6615,964.545667,-346.947542,964.545667
6616,964.545667,-442.027423,964.545667
6617,964.545667,-441.708735,964.545667
6618,964.545667,-482.183936,964.545667
6619,964.545667,-337.422497,964.545667
6620,964.545667,-365.123470,964.545667
6621,964.545667,-282.562694,964.545667
6622,964.545667,-285.686590,964.545667
6623,964.545667,-344.716139,964.545667
6624,964.545667,-411.763110,964.545667
6625,964.545667,-531.363608,964.545667
6626,964.545667,-382.889695,964.545667
6627,964.545667,-326.691587,964.545667
6628,964.545667,-239.894350,964.545667
6629,964.545667,-431.330910,964.545667
6630,964.545667,-505.045477,964.545667
6631,964.545667,-613.820184,964.545667
6632,964.545667,-417.001994,964.545667
6633,964.545667,-146.339225,964.545667
6634,964.545667,-158.231085,964.545667
6635,964.545667,-160.394707,964.545667
6636,964.545667,-292.948652,964.545667
6637,964.545667,-521.759158,964.545667
6638,964.545667,-536.961532,964.545667
6639,964.545667,-303.760564,964.545667
6640,964.545667,-347.035333,964.545667
6641,964.545667,-469.594740,964.545667
6642,964.545667,-515.845345,964.545667
6643,964.545667,-423.593519,964.545667
6644,964.545667,-326.229384,964.545667
6645,964.545667,-519.580115,964.545667
6646,964.545667,-465.665783,964.545667
6647,964.545667,-359.911205,964.545667
6648,964.545667,-321.361770,964.545667
6649,964.545667,-439.804703,964.545667
6650,964.545667,-570.217801,964.545667
6651,964.545667,-564.616542,964.545667
6652,964.545667,-449.522369,964.545667
6653,964.545667,-541.791872,964.545667
6654,964.545667,-360.256419,964.545667
6655,964.545667,-520.594993,964.545667
6656,964.545667,-317.613373,964.545667
6657,964.545667,-268.493194,964.545667
6658,964.545667,-371.876093,964.545667
6659,964.545667,-370.319546,964.545667
6660,964.545667,-608.773919,964.545667
6661,964.545667,-638.576106,964.545667
6662,964.545667,-447.636316,964.545667
6663,964.545667,-469.970039,964.545667
6664,964.545667,-486.468074,964.545667
6665,964.545667,-510.195673,964.545667
6666,964.545667,-483.731650,964.545667
6667,964.545667,-402.461081,964.545667
6668,964.545667,-376.636590,964.545667
6669,964.545667,-447.309113,964.545667
6670,964.545667,-297.333322,964.545667
6671,964.545667,-671.948563,964.545667
6672,964.545667,-733.066714,964.545667
6673,964.545667,-599.129580,964.545667
6674,964.545667,-513.648266,964.545667
6675,964.545667,-580.747954,964.545667
6676,964.545667,-415.174601,964.545667
6677,964.545667,-398.912543,964.545667
6678,964.545667,-568.244783,964.545667
6679,964.545667,-592.871561,964.545667
6680,964.545667,-591.136008,964.545667
6681,964.545667,-596.009891,964.545667
6682,964.545667,-550.100246,964.545667
6683,964.545667,-417.853757,964.545667
6684,964.545667,-448.094594,964.545667
6685,964.545667,-387.081162,964.545667
6686,964.545667,-518.239807,964.545667
6687,964.545667,-385.456816,964.545667
6688,964.545667,-474.789673,964.545667
6689,964.545667,-467.817024,964.545667
6690,964.545667,-549.510056,964.545667
6691,964.545667,-416.452731,964.545667
6692,964.545667,-615.822882,964.545667
6693,964.545667,-642.433947,964.545667
6694,964.545667,-337.254763,964.545667
6695,964.545667,-233.717563,964.545667
6696,964.545667,-259.560566,964.545667
6697,964.545667,-492.881800,964.545667
6698,964.545667,-500.444860,964.545667
6699,964.545667,-432.635229,964.545667
6700,964.545667,-359.929333,964.545667
6701,964.545667,-481.890607,964.545667
6702,964.545667,-483.442533,964.545667
6703,964.545667,-202.857450,964.545667
6704,964.545667,-394.292263,964.545667
6705,964.545667,-448.798644,964.545667
6706,964.545667,-276.888821,964.545667
6707,964.545667,-445.909073,964.545667
6708,964.545667,-160.509097,964.545667
6709,964.545667,-515.489087,964.545667
6710,964.545667,-631.222838,964.545667
6711,964.545667,-519.893841,964.545667
6712,964.545667,-455.835481,964.545667
6713,964.545667,-211.601515,964.545667
6714,964.545667,-418.523840,964.545667
6715,964.545667,-369.641031,964.545667
6716,964.545667,-442.548003,964.545667
6717,964.545667,-279.296686,964.545667
6718,964.545667,-646.477636,964.545667
6719,964.545667,-381.131279,964.545667
6720,964.545667,-246.770377,964.545667
6721,964.545667,-480.346862,964.545667
6722,964.545667,-639.480922,964.545667
6723,964.545667,-581.846993,964.545667
6724,964.545667,-504.135650,964.545667
6725,964.545667,-410.465128,964.545667
6726,964.545667,-244.164553,964.545667
6727,964.545667,-371.198812,964.545667
6728,964.545667,-506.440236,964.545667
6729,964.545667,-467.553107,964.545667
6730,964.545667,-420.470289,964.545667
6731,964.545667,-386.594003,964.545667
6732,964.545667,-84.549133,964.545667
6733,964.545667,-261.626117,964.545667
6734,964.545667,-567.668955,964.545667
6735,964.545667,-552.919627,964.545667
6736,964.545667,-613.073715,964.545667
6737,964.545667,-423.940235,964.545667
6738,964.545667,-461.743192,964.545667
6739,964.545667,-477.501269,964.545667
6740,964.545667,-602.349187,964.545667
6741,964.545667,-477.034531,964.545667
6742,964.545667,-317.934664,964.545667
6743,964.545667,-376.826596,964.545667
6744,964.545667,-346.150354,964.545667
6745,964.545667,-338.203962,964.545667
6746,964.545667,-451.861740,964.545667
6747,964.545667,-621.909184,964.545667
6748,964.545667,-563.419118,964.545667
6749,964.545667,-541.391065,964.545667
6750,964.545667,-615.110080,964.545667
6751,964.545667,-421.366654,964.545667
6752,964.545667,-387.774595,964.545667
6753,964.545667,-289.952885,964.545667
6754,964.545667,-406.590501,964.545667
6755,964.545667,-355.465514,964.545667
6756,964.545667,-516.449553,964.545667
6757,964.545667,-523.319901,964.545667
6758,964.545667,-523.358033,964.545667
6759,964.545667,-343.532587,964.545667
6760,964.545667,-348.444270,964.545667
6761,964.545667,-10.209219,964.545667
6762,964.545667,-391.486154,964.545667
6763,964.545667,-405.913673,964.545667
6764,964.545667,-173.225707,964.545667
6765,964.545667,-394.788176,964.545667
6766,964.545667,-511.956177,964.545667
6767,964.545667,-423.418986,964.545667
6768,964.545667,-534.912130,964.545667
6769,964.545667,-584.810645,964.545667
6770,964.545667,-428.298389,964.545667
6771,964.545667,-201.684573,964.545667
6772,964.545667,-321.066976,964.545667
6773,964.545667,-299.149654,964.545667
6774,964.545667,-376.453472,964.545667
6775,964.545667,-415.193194,964.545667
6776,964.545667,-338.619407,964.545667
6777,964.545667,-488.185173,964.545667
6778,964.545667,-360.917556,964.545667
6779,964.545667,-493.469829,964.545667
6780,964.545667,-615.086422,964.545667
6781,964.545667,-598.085462,964.545667
6782,964.545667,-409.107837,964.545667
6783,964.545667,-475.642122,964.545667
6784,964.545667,-645.954387,964.545667
6785,964.545667,-322.183772,964.545667
6786,964.545667,-424.605561,964.545667
6787,964.545667,-521.133918,964.545667
6788,964.545667,-479.180254,964.545667
6789,964.545667,-481.341269,964.545667
6790,964.545667,-441.046342,964.545667
6791,964.545667,-363.446250,964.545667
6792,964.545667,-548.326669,964.545667
6793,964.545667,-497.557060,964.545667
6794,964.545667,-671.352002,964.545667
6795,964.545667,-564.874603,964.545667
6796,964.545667,-284.237481,964.545667
6797,964.545667,-249.446102,964.545667
6798,964.545667,-231.022080,964.545667
6799,964.545667,-140.567667,964.545667
6800,964.545667,-449.549408,964.545667
6801,964.545667,-481.550172,964.545667
6802,964.545667,-372.899448,964.545667
6803,964.545667,-304.017930,964.545667
6804,964.545667,-165.950697,964.545667
6805,964.545667,-124.111337,964.545667
6806,964.545667,-354.253822,964.545667
6807,964.545667,-629.046619,964.545667
6808,964.545667,-551.569273,964.545667
6809,964.545667,-389.580380,964.545667
6810,964.545667,-388.231014,964.545667
6811,964.545667,-453.661133,964.545667
6812,964.545667,-493.973107,964.545667
6813,964.545667,-271.866613,964.545667
6814,964.545667,-398.764548,964.545667
6815,964.545667,-674.334766,964.545667
6816,964.545667,-546.185492,964.545667
6817,964.545667,-551.185310,964.545667
6818,964.545667,-459.604844,964.545667
6819,964.545667,-649.533050,964.545667
6820,964.545667,-577.564236,964.545667
6821,964.545667,-523.589209,964.545667
6822,964.545667,-500.160280,964.545667
6823,964.545667,-429.481871,964.545667
6824,964.545667,-388.797781,964.545667
6825,964.545667,-467.069208,964.545667
6826,964.545667,-464.788370,964.545667
6827,964.545667,-401.252903,964.545667
6828,964.545667,-468.981608,964.545667
6829,964.545667,-519.052164,964.545667
6830,964.545667,-586.732001,964.545667
6831,964.545667,-582.854498,964.545667
6832,964.545667,-470.174968,964.545667
6833,964.545667,-387.891552,964.545667
6834,964.545667,-538.729738,964.545667
6835,964.545667,-379.358295,964.545667
6836,964.545667,-526.700462,964.545667
6837,964.545667,-559.121687,964.545667
6838,964.545667,-442.795757,964.545667
6839,964.545667,-284.720024,964.545667
6840,964.545667,-368.049798,964.545667
6841,964.545667,-459.621903,964.545667
6842,964.545667,-392.659893,964.545667
6843,964.545667,-458.848544,964.545667
6844,964.545667,-518.465005,964.545667
6845,964.545667,-441.879693,964.545667
6846,964.545667,-426.087072,964.545667
6847,964.545667,-284.410279,964.545667
6848,964.545667,-548.205160,964.545667
6849,964.545667,-388.792490,964.545667
6850,964.545667,-407.055557,964.545667
6851,964.545667,-579.476648,964.545667
6852,964.545667,-486.977467,964.545667
6853,964.545667,-490.786532,964.545667
6854,964.545667,-536.899512,964.545667
6855,964.545667,-359.579786,964.545667
6856,964.545667,-518.438650,964.545667
6857,964.545667,-302.635892,964.545667
6858,964.545667,-587.470209,964.545667
6859,964.545667,-665.350395,964.545667
6860,964.545667,-636.290351,964.545667
6861,964.545667,-510.696302,964.545667
6862,964.545667,-269.315713,964.545667
6863,964.545667,-511.743944,964.545667
6864,964.545667,-406.448557,964.545667
6865,964.545667,-372.423555,964.545667
6866,964.545667,-456.967667,964.545667
6867,964.545667,-387.760492,964.545667
6868,964.545667,-268.829950,964.545667
6869,964.545667,-265.517353,964.545667
6870,964.545667,-270.606445,964.545667
6871,964.545667,-359.696362,964.545667
6872,964.545667,-480.872337,964.545667
6873,964.545667,-551.580520,964.545667
6874,964.545667,-430.477176,964.545667
6875,964.545667,-394.011580,964.545667
6876,964.545667,-294.863699,964.545667
6877,964.545667,-387.276098,964.545667
6878,964.545667,-404.275361,964.545667
6879,964.545667,-375.937916,964.545667
6880,964.545667,-426.188218,964.545667
6881,964.545667,-398.594485,964.545667
6882,964.545667,-366.121492,964.545667
6883,964.680333,-392.684928,964.680333
6884,964.680333,-568.677705,964.680333
6885,964.680333,-708.812878,964.680333
6886,964.680333,-539.534625,964.680333
6887,964.680333,-332.775981,964.680333
6888,964.680333,-323.163683,964.680333
6889,964.680333,-543.289717,964.680333
6890,964.680333,-600.196725,964.680333
6891,964.680333,-527.764617,964.680333
6892,964.680333,-289.237341,964.680333
6893,964.680333,-382.593226,964.680333
6894,964.680333,-307.367962,964.680333
6895,964.680333,-356.552407,964.680333
6896,964.680333,-256.120266,964.680333
6897,964.680333,-318.757085,964.680333
6898,964.680333,-619.273807,964.680333
6899,964.680333,-456.042395,964.680333
6900,964.680333,-244.718320,964.680333
6901,964.680333,-302.238993,964.680333
6902,964.680333,-548.619490,964.680333
6903,964.680333,-25.567536,964.680333
6904,964.680333,-432.663356,964.680333
6905,964.680333,-419.504922,964.680333
6906,964.680333,-551.904140,964.680333
6907,964.680333,-573.138340,964.680333
6908,964.680333,-370.364670,964.680333
6909,964.680333,-395.582295,964.680333
6910,964.680333,-422.786146,964.680333
6911,964.680333,-735.495576,964.680333
6912,964.680333,-708.989990,964.680333
6913,964.680333,-470.514862,964.680333
6914,964.680333,-348.152094,964.680333
6915,964.680333,-424.356705,964.680333
6916,964.680333,-318.762702,964.680333
6917,964.680333,-637.867508,964.680333
6918,964.680333,-509.684042,964.680333
6919,964.680333,-658.282330,964.680333
6920,964.680333,-416.919217,964.680333
6921,964.680333,-580.119040,964.680333
6922,964.680333,-520.616186,964.680333
6923,964.680333,-462.434783,964.680333
6924,964.680333,-537.593473,964.680333
6925,964.680333,-425.222306,964.680333
6926,964.680333,-392.183599,964.680333
6927,964.680333,-173.969843,964.680333
6928,964.680333,-311.843033,964.680333
6929,964.680333,-273.283279,964.680333
6930,964.680333,-118.584139,964.680333
6931,964.680333,-237.119776,964.680333
6932,964.680333,-205.657133,964.680333
6933,964.680333,-197.637659,964.680333
6934,964.680333,-478.429638,964.680333
6935,964.680333,-358.543784,964.680333
6936,964.680333,-476.623490,964.680333
6937,964.680333,-459.413900,964.680333
6938,964.680333,-473.338371,964.680333
6939,964.680333,-234.608125,964.680333
6940,964.680333,-315.643455,964.680333
6941,964.680333,-514.933174,964.680333
6942,964.680333,-348.975960,964.680333
6943,964.680333,-692.754131,964.680333
6944,964.680333,-384.483695,964.680333
6945,964.680333,-378.497251,964.680333
6946,964.680333,-438.531136,964.680333
6947,964.680333,-323.311506,964.680333
6948,964.680333,-316.119674,964.680333
6949,964.680333,-311.041717,964.680333
6950,964.680333,-518.024762,964.680333
6951,964.680333,-706.484140,964.680333
6952,964.680333,-487.515318,964.680333
6953,964.680333,-501.050389,964.680333
6954,964.680333,-338.857625,964.680333
6955,964.680333,-345.469637,964.680333
6956,964.680333,-554.532247,964.680333
6957,964.680333,-234.057041,964.680333
6958,964.680333,-347.648845,964.680333
6959,964.680333,-471.695130,964.680333
6960,964.680333,-484.315523,964.680333
6961,964.680333,-361.257153,964.680333
6962,964.680333,-492.413765,964.680333
6963,964.680333,-526.781374,964.680333
6964,964.680333,-572.944877,964.680333
6965,964.680333,-489.286662,964.680333
6966,964.680333,-291.962646,964.680333
6967,964.680333,-398.871507,964.680333
6968,964.680333,-287.607477,964.680333
6969,964.680333,-508.048849,964.680333
6970,964.680333,-345.158876,964.680333
6971,964.680333,-412.551123,964.680333
6972,964.680333,-508.669585,964.680333
6973,964.680333,-431.760084,964.680333
6974,964.680333,-462.888874,964.680333
6975,964.680333,-458.996312,964.680333
6976,964.680333,-370.882281,964.680333
6977,964.680333,-318.390239,964.680333
6978,964.680333,-460.924431,964.680333
6979,964.680333,-342.172839,964.680333
6980,964.680333,-515.968330,964.680333
6981,964.680333,-485.617826,964.680333
6982,964.680333,-525.004796,964.680333
6983,964.680333,-413.800737,964.680333
6984,964.680333,-558.545747,964.680333
6985,964.680333,-650.811935,964.680333
6986,964.680333,-214.525554,964.680333
6987,964.680333,-157.062306,964.680333
6988,964.680333,-604.686768,964.680333
6989,964.680333,-460.183891,964.680333
6990,964.680333,-394.615346,964.680333
6991,964.680333,-526.775241,964.680333
6992,964.680333,-578.926424,964.680333
6993,964.680333,-581.463991,964.680333
6994,964.680333,-657.014754,964.680333
6995,964.680333,-757.234971,964.680333
6996,964.680333,-633.422075,964.680333
6997,964.680333,-615.516795,964.680333
6998,964.680333,-476.036772,964.680333
6999,964.680333,-225.361244,964.680333
7000,964.680333,-400.124037,964.680333
7001,964.680333,-431.066378,964.680333
7002,964.680333,-419.761253,964.680333
7003,964.680333,-343.239973,964.680333
7004,964.680333,-207.901126,964.680333
7005,964.680333,-287.081826,964.680333
7006,964.680333,-428.423047,964.680333
7007,964.680333,-342.674063,964.680333
7008,964.680333,-543.502607,964.680333
7009,964.680333,-492.332610,964.680333
7010,964.680333,-498.298531,964.680333
7011,964.680333,-403.606667,964.680333
7012,964.680333,-564.706077,964.680333
7013,964.680333,-462.286778,964.680333
7014,964.680333,-562.453682,964.680333
7015,964.680333,-357.453146,964.680333
7016,964.680333,-416.747837,964.680333
7017,964.680333,-387.150384,964.680333
7018,964.680333,-441.376844,964.680333
7019,964.680333,-551.614194,964.680333
7020,964.680333,-365.429720,964.680333
7021,964.680333,-564.166791,964.680333
7022,964.680333,-655.676504,964.680333
7023,964.680333,-506.193465,964.680333
7024,964.680333,-462.808127,964.680333
7025,964.680333,-504.060715,964.680333
7026,964.680333,-330.535613,964.680333
7027,964.680333,-443.710608,964.680333
7028,964.680333,-350.644675,964.680333
7029,964.680333,-406.056596,964.680333
7030,964.680333,-122.285398,964.680333
7031,964.680333,-384.730110,964.680333
7032,964.680333,-273.802971,964.680333
7033,964.680333,-227.016293,964.680333
7034,964.680333,-339.730971,964.680333
7035,964.680333,-457.686991,964.680333
7036,964.680333,-306.962296,964.680333
7037,964.680333,-513.714785,964.680333
7038,964.680333,-440.292993,964.680333
7039,964.680333,-485.768830,964.680333
7040,964.680333,-439.276275,964.680333
7041,964.680333,-489.454625,964.680333
7042,964.680333,-539.912065,964.680333
7043,964.680333,-457.584268,964.680333
7044,964.680333,-385.155402,964.680333
7045,964.680333,-306.360137,964.680333
7046,964.680333,-393.977175,964.680333
7047,964.680333,-315.052930,964.680333
7048,964.680333,-359.955741,964.680333
7049,964.680333,-395.290344,964.680333
7050,964.680333,-355.828785,964.680333
7051,964.680333,-370.637549,964.680333
7052,964.680333,-408.785292,964.680333
7053,964.680333,-547.125896,964.680333
7054,964.680333,-501.069390,964.680333
7055,964.680333,-692.448494,964.680333
7056,964.680333,-540.161931,964.680333
7057,964.680333,-359.484425,964.680333
7058,964.680333,-345.992568,964.680333
7059,964.680333,-633.775856,964.680333
7060,964.680333,-504.352851,964.680333
7061,964.680333,-368.772143,964.680333
7062,964.680333,-282.524264,964.680333
7063,964.680333,-383.777928,964.680333
7064,964.680333,-390.676849,964.680333
7065,964.680333,-480.790715,964.680333
7066,964.680333,-473.138293,964.680333
7067,964.680333,-355.868185,964.680333
7068,964.680333,-479.730738,964.680333
7069,964.680333,-336.412892,964.680333
7070,964.680333,-258.306855,964.680333
7071,964.680333,-155.445010,964.680333
7072,964.680333,-322.609291,964.680333
7073,964.680333,-532.387867,964.680333
7074,964.680333,-416.410894,964.680333
7075,964.680333,-425.585835,964.680333
7076,964.680333,-457.088128,964.680333
7077,964.680333,-381.503188,964.680333
7078,964.680333,-266.006358,964.680333
7079,964.680333,-409.148175,964.680333
7080,964.680333,-246.050376,964.680333
7081,964.680333,-317.859071,964.680333
7082,964.680333,-158.837933,964.680333
7083,964.680333,-502.512869,964.680333
7084,964.680333,-651.765148,964.680333
7085,964.680333,-679.161992,964.680333
7086,964.680333,-566.368296,964.680333
7087,964.680333,-362.236381,964.680333
7088,964.680333,-455.858428,964.680333
7089,964.680333,-372.711765,964.680333
7090,964.680333,9.385629,964.680333
7091,964.680333,-412.413625,964.680333
7092,964.680333,-446.435334,964.680333
7093,964.680333,-541.932638,964.680333
7094,964.680333,-502.515943,964.680333
7095,964.680333,-524.834987,964.680333
7096,964.680333,-663.669265,964.680333
7097,964.680333,-450.529103,964.680333
7098,964.680333,-433.203210,964.680333
7099,964.680333,-391.659375,964.680333
7100,964.680333,-495.410976,964.680333
7101,964.680333,-489.067779,964.680333
7102,964.680333,-342.131733,964.680333
7103,964.680333,-432.350665,964.680333
7104,964.680333,-522.654902,964.680333
7105,964.680333,-311.513300,964.680333
7106,964.680333,-306.132637,964.680333
7107,964.680333,-302.734425,964.680333
7108,964.680333,-294.786163,964.680333
7109,964.680333,-348.973348,964.680333
7110,964.680333,-620.773162,964.680333
7111,964.680333,-575.165445,964.680333
7112,964.680333,-343.554926,964.680333
7113,964.680333,-350.660947,964.680333
7114,964.680333,-394.996624,964.680333
7115,964.680333,-624.362289,964.680333
7116,964.680333,-659.539576,964.680333
7117,964.680333,-359.887821,964.680333
7118,964.680333,-347.671280,964.680333
7119,964.680333,-541.450133,964.680333
7120,964.680333,-640.081815,964.680333
7121,964.680333,-472.209386,964.680333
7122,964.680333,-206.233037,964.680333
7123,964.680333,-217.373098,964.680333
7124,964.680333,-504.307468,964.680333
7125,964.680333,-316.945495,964.680333
7126,964.680333,-472.175956,964.680333
7127,964.680333,-256.631974,964.680333
7128,964.680333,-263.801795,964.680333
7129,964.680333,-110.754146,964.680333
7130,964.680333,-404.765233,964.680333
7131,964.680333,-325.282101,964.680333
7132,964.680333,-477.449134,964.680333
7133,964.680333,-381.770291,964.680333
7134,964.680333,-301.004095,964.680333
7135,964.680333,-279.050398,964.680333
7136,964.680333,-147.585315,964.680333
7137,964.680333,-244.074350,964.680333
7138,964.680333,-152.224511,964.680333
7139,964.680333,-274.593435,964.680333
7140,964.680333,-319.277377,964.680333
7141,964.680333,-621.384428,964.680333
7142,964.680333,-640.397859,964.680333
7143,964.680333,-634.854699,964.680333
7144,964.680333,-427.805131,964.680333
7145,964.680333,-78.228513,964.680333
7146,964.680333,-447.040873,964.680333
7147,964.680333,-465.636169,964.680333
7148,964.680333,-502.136371,964.680333
7149,964.680333,-327.206302,964.680333
7150,964.680333,-463.985184,964.680333
7151,964.680333,-534.155435,964.680333
7152,964.680333,-538.938503,964.680333
7153,964.680333,-403.704276,964.680333
7154,964.680333,-565.687796,964.680333
7155,964.680333,-426.042957,964.680333
7156,964.680333,-385.388510,964.680333
7157,964.680333,-421.637587,964.680333
7158,964.680333,-468.465780,964.680333
7159,964.680333,-624.413048,964.680333
7160,964.680333,-564.290693,964.680333
7161,964.680333,-493.474849,964.680333
7162,964.680333,-315.829096,964.680333
7163,964.680333,-456.858741,964.680333
7164,964.680333,-577.278152,964.680333
7165,964.680333,-365.036150,964.680333
7166,964.680333,-378.700146,964.680333
7167,964.680333,-378.931946,964.680333
7168,964.680333,-159.128124,964.680333
7169,964.680333,-360.699710,964.680333
7170,964.680333,-323.438814,964.680333
7171,964.680333,-393.573758,964.680333
7172,964.680333,-377.251708,964.680333
7173,964.680333,-357.975756,964.680333
7174,964.680333,-277.818422,964.680333
7175,964.680333,-122.446089,964.680333
7176,964.680333,-186.394172,964.680333
7177,964.680333,-385.494296,964.680333
7178,964.680333,-267.755559,964.680333
7179,964.680333,-503.826579,964.680333
7180,964.680333,-241.566109,964.680333
7181,964.680333,-597.000434,964.680333
7182,964.680333,-546.086776,964.680333
7183,964.680333,-350.156075,964.680333
7184,964.680333,-579.486953,964.680333
7185,964.680333,-603.275391,964.680333
7186,964.680333,-501.961125,964.680333
7187,964.680333,-436.702758,964.680333
7188,964.680333,-590.380103,964.680333
7189,964.680333,-372.057510,964.680333
7190,964.680333,-433.237318,964.680333
7191,964.680333,-248.265575,964.680333
7192,964.680333,-449.311578,964.680333
7193,964.680333,-369.019429,964.680333
7194,964.680333,-262.634494,964.680333
7195,964.680333,-430.253006,964.680333
7196,964.680333,-515.265607,964.680333
7197,964.680333,-321.542417,964.680333
7198,964.680333,-425.704133,964.680333
7199,964.680333,-326.441736,964.680333
7200,964.680333,-326.185368,964.680333
7201,964.680333,-452.824510,964.680333
7202,964.680333,-271.024244,964.680333
7203,964.680333,-511.566059,964.680333
7204,964.680333,-438.333071,964.680333
7205,964.680333,-463.837277,964.680333
7206,964.680333,-354.260604,964.680333
7207,964.680333,-398.419569,964.680333
7208,964.680333,-360.190377,964.680333
7209,964.680333,-662.152723,964.680333
7210,964.680333,-452.192070,964.680333
7211,964.680333,-507.457639,964.680333
7212,964.680333,-408.920188,964.680333
7213,964.680333,-429.602984,964.680333
7214,964.680333,-447.001937,964.680333
7215,964.680333,-462.199553,964.680333
7216,964.680333,-469.484759,964.680333
7217,964.680333,-382.684470,964.680333
7218,964.680333,-306.223596,964.680333
7219,964.680333,-228.803694,964.680333
7220,964.680333,-419.549370,964.680333
7221,964.680333,-392.452980,964.680333
7222,964.680333,-466.736041,964.680333
7223,964.680333,-277.867222,964.680333
7224,964.680333,-435.951913,964.680333
7225,964.680333,-393.429629,964.680333
7226,964.680333,-239.966916,964.680333
7227,964.680333,-276.031843,964.680333
7228,964.680333,-203.713187,964.680333
7229,964.680333,-315.859343,964.680333
7230,964.680333,-203.345320,964.680333
7231,964.680333,-467.355652,964.680333
7232,964.680333,-461.165004,964.680333
7233,964.680333,-246.474645,964.680333
7234,964.680333,-271.677851,964.680333
7235,964.680333,-272.305198,964.680333
7236,964.680333,-341.005191,964.680333
7237,964.680333,-250.179068,964.680333
7238,964.680333,-406.246627,964.680333
7239,964.680333,-414.239433,964.680333
7240,964.680333,-274.277440,964.680333
7241,964.680333,-368.096438,964.680333
7242,964.680333,-279.733403,964.680333
7243,964.680333,-245.086427,964.680333
7244,964.680333,-466.960379,964.680333
7245,964.680333,-476.928498,964.680333
7246,964.680333,-419.434411,964.680333
7247,964.680333,-629.809355,964.680333
7248,964.680333,-611.848843,964.680333
7249,964.680333,-597.064963,964.680333
7250,964.680333,-449.520403,964.680333
7251,964.680333,-460.577023,964.680333
7252,964.680333,-529.833021,964.680333
7253,964.680333,-352.429335,964.680333
7254,964.680333,-403.484712,964.680333
7255,964.680333,-419.349968,964.680333
7256,964.680333,-676.977485,964.680333
7257,964.680333,-524.346407,964.680333
7258,964.680333,-432.709861,964.680333
7259,964.680333,-286.137660,964.680333
7260,964.680333,-407.530343,964.680333
7261,964.680333,-522.441843,964.680333
7262,964.680333,-501.056530,964.680333
7263,964.680333,-462.223844,964.680333
7264,964.680333,-247.023992,964.680333
7265,964.680333,-354.159033,964.680333
7266,964.680333,-450.448081,964.680333
7267,964.680333,-354.129123,964.680333
7268,964.680333,-314.339336,964.680333
7269,964.680333,-351.079779,964.680333
7270,964.680333,-662.445733,964.680333
7271,964.680333,-345.169610,964.680333
7272,964.680333,-385.013847,964.680333
7273,964.680333,-624.303531,964.680333
7274,964.680333,-682.070346,964.680333
7275,964.680333,-560.380839,964.680333
7276,964.680333,-551.574977,964.680333
7277,964.680333,-416.617482,964.680333
7278,964.680333,-423.723970,964.680333
7279,964.680333,-428.160849,964.680333
7280,964.680333,-340.095888,964.680333
7281,964.680333,-409.485131,964.680333
7282,964.680333,-416.103543,964.680333
7283,964.680333,-510.785178,964.680333
7284,964.680333,-557.164693,964.680333
7285,964.680333,-437.345340,964.680333
7286,964.680333,-282.012501,964.680333
7287,964.680333,-456.604230,964.680333
7288,964.680333,-551.004903,964.680333
7289,964.680333,-617.361024,964.680333
7290,964.680333,-598.771434,964.680333
7291,964.680333,-544.736196,964.680333
7292,964.680333,-573.487642,964.680333
7293,964.680333,-704.969591,964.680333
7294,964.680333,-510.188036,964.680333
7295,964.680333,-606.660453,964.680333
7296,964.680333,-363.810348,964.680333
7297,964.680333,-271.268461,964.680333
7298,964.680333,-421.356183,964.680333
7299,964.680333,-424.243112,964.680333
7300,964.680333,-431.775475,964.680333
7301,964.680333,-488.546656,964.680333
7302,964.680333,-497.119909,964.680333
7303,964.680333,-550.649049,964.680333
7304,964.680333,-424.407760,964.680333
7305,964.680333,-303.993634,964.680333
7306,964.680333,-429.173399,964.680333
7307,964.680333,-439.680175,964.680333
7308,964.680333,-510.724485,964.680333
7309,964.680333,-466.564344,964.680333
7310,964.680333,-187.892859,964.680333
7311,964.680333,-391.314968,964.680333
7312,964.680333,-335.556643,964.680333
7313,964.680333,-148.389768,964.680333
7314,964.680333,-346.445852,964.680333
7315,964.680333,-429.531525,964.680333
7316,964.680333,-604.454186,964.680333
7317,964.680333,-402.881789,964.680333
7318,964.680333,-294.860750,964.680333
7319,964.680333,-530.402012,964.680333
7320,964.680333,-280.170295,964.680333
7321,964.680333,-567.350045,964.680333
7322,964.680333,-646.306007,964.680333
7323,964.680333,-696.323397,964.680333
7324,964.680333,-636.534385,964.680333
7325,964.680333,-552.712953,964.680333
7326,964.680333,-344.648769,964.680333
7327,964.680333,-460.516881,964.680333
7328,964.680333,-325.839871,964.680333
7329,964.680333,-308.094432,964.680333
7330,964.680333,-474.607535,964.680333
7331,964.680333,-459.358427,964.680333
7332,964.680333,-412.993701,964.680333
7333,964.680333,-288.541785,964.680333
7334,964.680333,-315.376066,964.680333
7335,964.680333,-467.821171,964.680333
7336,964.680333,-335.641535,964.680333
7337,964.680333,-225.395457,964.680333
7338,964.680333,-384.992237,964.680333
7339,964.680333,-383.775023,964.680333
7340,964.680333,-371.690163,964.680333
7341,964.680333,-398.666539,964.680333
7342,964.680333,-505.588699,964.680333
7343,964.680333,-463.285893,964.680333
7344,964.680333,-252.249438,964.680333
7345,964.680333,-112.360477,964.680333
7346,964.680333,-161.289988,964.680333
7347,964.680333,-344.665121,964.680333
7348,964.680333,-169.909362,964.680333
7349,964.680333,-538.481187,964.680333
7350,964.680333,-540.735143,964.680333
7351,964.680333,-644.383933,964.680333
7352,964.680333,-603.757114,964.680333
7353,964.680333,-385.926168,964.680333
7354,964.680333,-416.938319,964.680333
7355,964.680333,-311.656212,964.680333
7356,964.680333,-502.072501,964.680333
7357,964.680333,-703.794097,964.680333
7358,964.680333,-420.657278,964.680333
7359,964.680333,-457.223756,964.680333
7360,964.680333,-659.900005,964.680333
7361,964.680333,-569.497245,964.680333
7362,964.680333,-417.416485,964.680333
7363,964.680333,-332.134536,964.680333
7364,964.680333,-148.420363,964.680333
7365,964.680333,-149.680341,964.680333
7366,964.680333,-513.395562,964.680333
7367,964.680333,-644.357831,964.680333
7368,964.680333,-569.236456,964.680333
7369,964.680333,-603.485300,964.680333
7370,964.680333,-527.225713,964.680333
7371,964.680333,-498.631787,964.680333
7372,964.680333,-514.786692,964.680333
7373,964.680333,-606.290148,964.680333
7374,964.680333,-462.917975,964.680333
7375,964.680333,-591.111773,964.680333
7376,964.680333,-573.432586,964.680333
7377,964.680333,-501.742797,964.680333
7378,964.680333,-583.987348,964.680333
7379,964.680333,-527.480482,964.680333
7380,964.680333,-538.411075,964.680333
7381,964.680333,-732.543406,964.680333
7382,964.680333,-610.714940,964.680333
7383,964.680333,-646.062235,964.680333
7384,964.680333,-663.504174,964.680333
7385,964.680333,-318.998128,964.680333
7386,964.680333,-448.917428,964.680333
7387,964.680333,-372.561836,964.680333
7388,964.680333,-382.949177,964.680333
7389,964.680333,-304.689558,964.680333
7390,964.680333,-449.252548,964.680333
7391,964.680333,-596.866624,964.680333
7392,964.680333,-482.408468,964.680333
7393,964.680333,-407.922439,964.680333
7394,964.680333,-268.157899,964.680333
7395,964.680333,-146.461900,964.680333
7396,964.680333,-242.375547,964.680333
7397,964.680333,-515.789824,964.680333
7398,964.680333,-504.653727,964.680333
7399,964.680333,-638.816799,964.680333
7400,964.680333,-671.469193,964.680333
7401,964.680333,-659.588829,964.680333
7402,964.680333,-431.838678,964.680333
7403,964.680333,-266.325060,964.680333
7404,964.680333,-378.224405,964.680333
7405,964.680333,-118.305743,964.680333
7406,964.680333,-361.349555,964.680333
7407,964.680333,-472.285191,964.680333
7408,964.680333,-621.660056,964.680333
7409,964.680333,-519.237507,964.680333
7410,964.680333,-567.733570,964.680333
7411,964.680333,-481.852667,964.680333
7412,964.680333,-463.184521,964.680333
7413,964.680333,-606.896956,964.680333
7414,964.680333,-409.505815,964.680333
7415,964.680333,-358.848934,964.680333
7416,964.680333,-325.524486,964.680333
7417,964.680333,-530.924759,964.680333
7418,964.680333,-621.281412,964.680333
7419,964.680333,-616.416548,964.680333
7420,964.680333,-373.442525,964.680333
7421,964.680333,-551.097179,964.680333
7422,964.680333,-500.391642,964.680333
7423,964.680333,-405.797021,964.680333
7424,964.680333,-419.193808,964.680333
7425,964.680333,-339.502972,964.680333
7426,964.680333,-330.573802,964.680333
7427,964.680333,-504.931609,964.680333
7428,964.680333,-699.942265,964.680333
7429,964.680333,-618.131115,964.680333
7430,964.680333,-467.582855,964.680333
7431,964.680333,-466.591138,964.680333
7432,964.680333,-407.979103,964.680333
7433,964.680333,-421.866478,964.680333
7434,964.680333,-532.909628,964.680333
7435,964.680333,-462.945543,964.680333
7436,964.680333,-655.626212,964.680333
7437,964.680333,-300.047813,964.680333
7438,964.680333,-510.761931,964.680333
7439,964.680333,-495.975660,964.680333
7440,964.680333,-226.572939,964.680333
7441,964.680333,-347.425039,964.680333
7442,964.680333,-360.584009,964.680333
7443,964.680333,-578.775695,964.680333
7444,964.680333,-566.313375,964.680333
7445,964.680333,-478.188953,964.680333
7446,964.680333,-177.692443,964.680333
7447,964.680333,-42.992097,964.680333
7448,964.680333,-187.053639,964.680333
7449,964.680333,-243.027478,964.680333
7450,964.680333,-283.110498,964.680333
7451,964.680333,-461.712085,964.680333
7452,964.680333,-503.748853,964.680333
7453,964.680333,-329.937064,964.680333
7454,964.680333,-494.814514,964.680333
7455,964.680333,-491.592804,964.680333
7456,964.680333,-601.146121,964.680333
7457,964.680333,-506.490179,964.680333
7458,964.680333,-582.563904,964.680333
7459,964.680333,-390.512122,964.680333
7460,964.680333,-119.788677,964.680333
7461,964.680333,-364.274578,964.680333
7462,964.680333,-153.656117,964.680333
7463,964.680333,-201.158887,964.680333
7464,964.680333,-282.185043,964.680333
7465,964.680333,-488.434353,964.680333
7466,964.680333,-426.675371,964.680333
7467,964.680333,-568.578540,964.680333
7468,964.680333,-556.047687,964.680333
7469,964.680333,-521.733103,964.680333
7470,964.680333,-505.159401,964.680333
7471,964.680333,-505.653898,964.680333
7472,964.680333,-637.156119,964.680333
7473,964.680333,-648.669456,964.680333
7474,964.680333,-666.651853,964.680333
7475,964.680333,-353.702881,964.680333
7476,964.680333,-232.855137,964.680333
7477,964.680333,-240.130749,964.680333
7478,964.680333,-460.636342,964.680333
7479,964.680333,-469.188835,964.680333
7480,964.680333,-476.324321,964.680333
7481,964.680333,-320.216386,964.680333
7482,964.680333,-480.377979,964.680333
7483,964.680333,-521.120127,964.680333
7484,964.680333,-429.110776,964.680333
7485,964.680333,-345.988378,964.680333
7486,964.680333,-276.173133,964.680333
7487,964.680333,-106.431760,964.680333
7488,964.680333,-548.195752,964.680333
7489,964.680333,-282.980796,964.680333
7490,964.680333,-376.676311,964.680333
7491,964.680333,-264.776486,964.680333
7492,964.680333,-500.376943,964.680333
7493,964.680333,-303.798169,964.680333
7494,964.680333,-415.710530,964.680333
7495,964.680333,-497.100472,964.680333
7496,964.680333,-386.336080,964.680333
7497,964.680333,-507.726696,964.680333
7498,964.680333,-294.535131,964.680333
7499,964.680333,-518.521184,964.680333
7500,964.680333,-138.220021,964.680333
7501,964.680333,-350.341505,964.680333
7502,964.680333,-534.373037,964.680333
7503,964.680333,-417.797436,964.680333
7504,964.680333,-550.778933,964.680333
7505,964.680333,-409.057144,964.680333
7506,964.680333,-428.317765,964.680333
7507,964.680333,-482.242297,964.680333
7508,964.680333,-394.767893,964.680333
7509,964.680333,-321.109615,964.680333
7510,964.680333,-629.974579,964.680333
7511,964.680333,-641.903084,964.680333
7512,964.680333,-605.886156,964.680333
7513,964.680333,-434.099310,964.680333
7514,964.680333,-307.647595,964.680333
7515,964.680333,-436.474604,964.680333
7516,964.680333,-539.308846,964.680333
7517,964.680333,-558.324027,964.680333
7518,964.680333,-482.805257,964.680333
7519,964.680333,-672.839503,964.680333
7520,964.680333,-492.442487,964.680333
7521,964.680333,-425.544760,964.680333
7522,964.680333,-396.308476,964.680333
7523,964.680333,-626.530462,964.680333
7524,964.680333,-616.808819,964.680333
7525,964.680333,-463.599520,964.680333
7526,964.680333,-538.676537,964.680333
7527,964.680333,-542.392894,964.680333
7528,964.680333,-299.756883,964.680333
7529,964.680333,-413.056552,964.680333
7530,964.680333,-369.632236,964.680333
7531,964.680333,-363.729866,964.680333
7532,964.680333,-542.985174,964.680333
7533,964.680333,-598.071851,964.680333
7534,964.680333,-566.210655,964.680333
7535,964.680333,-507.274829,964.680333
7536,964.680333,-564.228734,964.680333
7537,964.680333,-628.577182,964.680333
7538,964.680333,-343.911113,964.680333
7539,964.680333,-545.194384,964.680333
7540,964.680333,-495.424769,964.680333
7541,964.680333,-325.038951,964.680333
7542,964.680333,-427.930746,964.680333
7543,964.680333,-495.675718,964.680333
7544,964.680333,-510.202121,964.680333
7545,964.680333,-391.968237,964.680333
7546,964.680333,-486.240644,964.680333
7547,964.680333,-533.736719,964.680333
7548,964.680333,-273.483450,964.680333
7549,964.680333,-270.731407,964.680333
7550,964.680333,-433.447221,964.680333
7551,964.680333,-514.219773,964.680333
7552,964.680333,-563.282053,964.680333
7553,964.680333,-573.614022,964.680333
7554,964.680333,-419.100949,964.680333
7555,964.680333,-377.360869,964.680333
7556,964.680333,-389.353217,964.680333
7557,964.680333,-269.626441,964.680333
7558,964.680333,-665.626112,964.680333
7559,964.680333,-502.200645,964.680333
7560,964.680333,-542.692164,964.680333
7561,964.680333,-508.673842,964.680333
7562,964.680333,-461.155112,964.680333
7563,964.680333,-382.058125,964.680333
7564,964.680333,-601.357938,964.680333
7565,964.680333,-406.344439,964.680333
7566,964.680333,-504.452503,964.680333
7567,964.680333,-451.906394,964.680333
7568,964.680333,-261.864057,964.680333
7569,964.680333,-372.439171,964.680333
7570,964.680333,-376.076991,964.680333
7571,964.680333,-215.033170,964.680333
7572,964.680333,-493.913058,964.680333
7573,964.680333,-614.729661,964.680333
7574,964.680333,-545.365219,964.680333
7575,964.680333,-529.039902,964.680333
7576,964.680333,-632.523153,964.680333
7577,964.680333,-525.082942,964.680333
7578,964.680333,-503.991061,964.680333
7579,964.680333,-390.796957,964.680333
7580,964.680333,-546.425585,964.680333
7581,964.680333,-488.225393,964.680333
7582,964.680333,-629.498527,964.680333
7583,964.680333,-366.277490,964.680333
7584,964.680333,-331.448342,964.680333
7585,964.680333,-554.194382,964.680333
7586,964.680333,-566.605757,964.680333
7587,964.680333,-496.616943,964.680333
7588,964.680333,-521.617486,964.680333
7589,964.680333,-329.197071,964.680333
7590,964.680333,-552.303421,964.680333
7591,964.680333,-348.996001,964.680333
7592,964.680333,-410.597071,964.680333
7593,964.680333,-516.641644,964.680333
7594,964.680333,-466.979442,964.680333
7595,964.680333,-466.775730,964.680333
7596,964.680333,-462.050453,964.680333
7597,964.680333,-547.125233,964.680333
7598,964.680333,-575.037389,964.680333
7599,964.680333,-553.007173,964.680333
7600,964.680333,-632.729680,964.680333
7601,964.680333,-711.268072,964.680333
7602,964.680333,-634.792754,964.680333
7603,964.680333,-550.442511,964.680333
7604,964.680333,-607.679723,964.680333
7605,964.680333,-403.971040,964.680333
7606,964.680333,-250.015427,964.680333
7607,964.680333,-275.748199,964.680333
7608,964.680333,-476.917164,964.680333
7609,964.680333,-579.214146,964.680333
7610,964.680333,-607.204097,964.680333
7611,964.680333,-561.301677,964.680333
7612,964.680333,-494.897842,964.680333
7613,964.680333,-318.577104,964.680333
7614,964.680333,-327.055128,964.680333
7615,964.680333,-453.299689,964.680333
7616,964.680333,-442.706929,964.680333
7617,964.680333,-452.332122,964.680333
7618,964.680333,-613.789486,964.680333
7619,964.680333,-478.364216,964.680333
7620,964.680333,-423.299245,964.680333
7621,964.680333,-194.404942,964.680333
7622,964.680333,-154.839074,964.680333
7623,964.680333,-367.277626,964.680333
7624,964.680333,-464.097560,964.680333
7625,964.680333,-419.541139,964.680333
7626,964.680333,-666.046351,964.680333
7627,964.680333,-529.457963,964.680333
7628,964.680333,-574.729605,964.680333
7629,964.680333,-271.281548,964.680333
7630,964.680333,-394.439171,964.680333
7631,964.680333,-315.235283,964.680333
7632,964.680333,-123.304324,964.680333
7633,964.680333,-247.388279,964.680333
7634,964.680333,-433.976837,964.680333
7635,964.680333,-465.452155,964.680333
7636,964.680333,-412.062558,964.680333
7637,964.680333,-349.549513,964.680333
7638,964.680333,-660.633514,964.680333
7639,964.680333,-705.423223,964.680333
7640,964.680333,-486.024833,964.680333
7641,964.680333,-610.175153,964.680333
7642,964.680333,-564.038917,964.680333
7643,964.680333,-377.409181,964.680333
7644,964.680333,-238.089016,964.680333
7645,964.680333,-401.552331,964.680333
7646,964.680333,-432.954805,964.680333
7647,964.680333,-429.145698,964.680333
7648,964.680333,-433.508588,964.680333
7649,964.680333,-472.393164,964.680333
7650,964.680333,-325.889319,964.680333
7651,964.680333,-511.461527,964.680333
7652,964.680333,-457.387403,964.680333
7653,964.680333,-436.937718,964.680333
7654,964.680333,-268.963226,964.680333
7655,964.680333,-506.779230,964.680333
7656,964.680333,-457.905987,964.680333
7657,964.680333,-432.004124,964.680333
7658,964.680333,-414.663887,964.680333
7659,964.680333,-478.261759,964.680333
7660,964.680333,-535.638560,964.680333
7661,964.680333,-404.923245,964.680333
7662,964.680333,-163.943261,964.680333
7663,964.680333,-162.892963,964.680333
7664,964.680333,-380.679510,964.680333
7665,964.680333,-539.106552,964.680333
7666,964.680333,-491.764584,964.680333
7667,964.680333,-645.866753,964.680333
7668,964.680333,-565.989171,964.680333
7669,964.680333,-279.507554,964.680333
7670,964.680333,-424.737717,964.680333
7671,964.680333,-546.308429,964.680333
7672,964.680333,-457.245737,964.680333
7673,964.680333,-348.727504,964.680333
7674,964.680333,-279.572786,964.680333
7675,964.680333,-473.554059,964.680333
7676,964.680333,-495.473823,964.680333
7677,964.680333,-380.944853,964.680333
7678,964.680333,-580.707911,964.680333
7679,964.680333,-537.714876,964.680333
7680,964.680333,-567.226433,964.680333
7681,964.680333,-575.539930,964.680333
7682,964.680333,-499.608337,964.680333
7683,964.680333,-533.761443,964.680333
7684,964.680333,-279.706124,964.680333
7685,964.680333,-287.365546,964.680333
7686,964.680333,-275.112818,964.680333
7687,964.680333,-376.302102,964.680333
7688,964.680333,-423.126765,964.680333
7689,964.680333,-570.132830,964.680333
7690,964.680333,-733.358832,964.680333
7691,964.680333,-657.561809,964.680333
7692,964.680333,-540.051180,964.680333
7693,964.680333,-445.077435,964.680333
7694,964.680333,-395.283631,964.680333
7695,964.680333,-257.098482,964.680333
7696,964.680333,-422.237981,964.680333
7697,964.680333,-317.618009,964.680333
7698,964.680333,-555.863373,964.680333
7699,964.680333,-355.030206,964.680333
7700,964.680333,-344.046444,964.680333
7701,964.680333,-465.403577,964.680333
7702,964.680333,-379.779601,964.680333
7703,964.680333,-467.122955,964.680333
7704,964.680333,-380.893655,964.680333
7705,964.680333,-287.137623,964.680333
7706,964.680333,-129.989321,964.680333
7707,964.680333,-510.644823,964.680333
7708,964.680333,-271.167947,964.680333
7709,964.680333,-467.877759,964.680333
7710,964.680333,-264.945420,964.680333
7711,964.680333,-378.768047,964.680333
7712,964.680333,-502.634841,964.680333
7713,964.680333,-524.359690,964.680333
7714,964.680333,-444.782405,964.680333
7715,964.680333,-571.531986,964.680333
7716,964.680333,-419.111317,964.680333
7717,964.680333,-552.688034,964.680333
7718,964.680333,-551.895290,964.680333
7719,964.680333,-601.096589,964.680333
7720,964.680333,-539.834768,964.680333
7721,964.680333,-567.826236,964.680333
7722,964.680333,-429.193148,964.680333
7723,964.680333,-427.498351,964.680333
7724,964.680333,-364.238735,964.680333
7725,964.680333,-393.266763,964.680333
7726,964.680333,-338.702370,964.680333
7727,964.680333,-568.013722,964.680333
7728,964.680333,-338.528199,964.680333
7729,964.680333,-384.009165,964.680333
7730,964.680333,-510.470916,964.680333
7731,964.680333,-249.565692,964.680333
7732,964.680333,-335.735317,964.680333
7733,964.680333,-334.325225,964.680333
7734,964.680333,-378.463189,964.680333
7735,964.680333,-463.916482,964.680333
7736,964.680333,-378.716523,964.680333
7737,964.680333,-545.191953,964.680333
7738,964.680333,-551.330483,964.680333
7739,964.680333,-503.776118,964.680333
7740,964.680333,-403.335673,964.680333
7741,964.680333,-394.298871,964.680333
7742,964.680333,-191.714389,964.680333
7743,964.680333,-475.979250,964.680333
7744,964.680333,-355.771037,964.680333
7745,964.680333,-519.141253,964.680333
7746,964.680333,-497.374487,964.680333
7747,964.680333,-554.688854,964.680333
7748,964.680333,-429.506425,964.680333
7749,964.680333,-548.322163,964.680333
7750,964.680333,-434.346987,964.680333
7751,964.680333,-392.527109,964.680333
7752,964.680333,-438.695503,964.680333
7753,964.680333,-308.000166,964.680333
7754,964.680333,-538.368163,964.680333
7755,964.680333,-530.436948,964.680333
7756,964.680333,-404.664165,964.680333
7757,964.680333,-368.775973,964.680333
7758,964.680333,-387.322282,964.680333
7759,964.680333,-406.833231,964.680333
7760,964.680333,-344.875849,964.680333
7761,964.680333,-477.347405,964.680333
7762,964.680333,-343.633691,964.680333
7763,964.680333,-301.384845,964.680333
7764,964.680333,-272.888332,964.680333
7765,964.680333,-496.268301,964.680333
7766,964.680333,-383.214266,964.680333
7767,964.680333,-460.320750,964.680333
7768,964.680333,-701.458252,964.680333
7769,964.680333,-477.542047,964.680333
7770,964.680333,-488.440652,964.680333
7771,964.680333,-415.184662,964.680333
7772,964.680333,-428.736800,964.680333
7773,964.680333,-363.177687,964.680333
7774,964.680333,-549.759129,964.680333
7775,964.680333,-465.719143,964.680333
7776,964.680333,-462.154364,964.680333
7777,964.680333,-561.340287,964.680333
7778,964.680333,-559.332259,964.680333
7779,964.680333,-656.986049,964.680333
7780,964.680333,-405.474140,964.680333
7781,964.680333,-461.286091,964.680333
7782,964.680333,-459.340394,964.680333
7783,964.680333,-316.301856,964.680333
7784,964.680333,-489.682368,964.680333
7785,964.680333,-328.482934,964.680333
7786,964.680333,-229.096249,964.680333
7787,964.680333,-362.727141,964.680333
7788,964.680333,-560.121595,964.680333
7789,964.680333,-496.401409,964.680333
7790,964.680333,-558.571073,964.680333
7791,964.680333,-456.899245,964.680333
7792,964.680333,-214.335214,964.680333
7793,964.680333,-244.107914,964.680333
7794,964.680333,-209.304062,964.680333
7795,964.680333,-428.345981,964.680333
7796,964.680333,-422.581241,964.680333
7797,964.680333,-383.875010,964.680333
7798,964.680333,-240.720361,964.680333
7799,964.680333,-349.786058,964.680333
7800,964.680333,-504.952525,964.680333
7801,964.680333,-340.501675,964.680333
7802,964.680333,-576.667623,964.680333
7803,964.680333,-260.667802,964.680333
7804,964.680333,-373.761355,964.680333
7805,964.680333,-144.759714,964.680333
7806,964.680333,-428.029864,964.680333
7807,964.680333,-444.931464,964.680333
7808,964.680333,-697.704992,964.680333
7809,964.680333,-491.292115,964.680333
7810,964.680333,-391.245911,964.680333
7811,964.680333,-345.147533,964.680333
7812,964.680333,-138.919119,964.680333
7813,964.680333,-276.338147,964.680333
7814,964.680333,-429.754095,964.680333
7815,964.680333,-511.228591,964.680333
7816,964.680333,-394.973868,964.680333
7817,964.680333,-528.395225,964.680333
7818,964.680333,-362.870006,964.680333
7819,964.680333,-460.374229,964.680333
7820,964.680333,-492.288032,964.680333
7821,964.680333,-604.559226,964.680333
7822,964.680333,-566.287279,964.680333
7823,964.680333,-414.847998,964.680333
7824,964.680333,-436.573139,964.680333
7825,964.680333,-265.786092,964.680333
7826,964.680333,-390.674801,964.680333
7827,964.680333,-507.370403,964.680333
7828,964.680333,-585.952038,964.680333
7829,964.680333,-546.501485,964.680333
7830,964.680333,-702.323162,964.680333
7831,964.680333,-656.221300,964.680333
7832,964.680333,-648.018358,964.680333
7833,964.680333,-391.799550,964.680333
7834,964.680333,-411.074884,964.680333
7835,964.680333,-135.279868,964.680333
7836,964.680333,-505.074818,964.680333
7837,964.680333,-414.639893,964.680333
7838,964.680333,-220.198419,964.680333
7839,964.680333,-262.167502,964.680333
7840,964.680333,-395.676730,964.680333
7841,964.680333,-437.007729,964.680333
7842,964.680333,-474.982959,964.680333
7843,964.680333,-495.907756,964.680333
7844,964.680333,-373.022379,964.680333
7845,964.680333,-343.569499,964.680333
7846,964.680333,-301.524859,964.680333
7847,964.680333,-145.842073,964.680333
7848,964.680333,-71.515536,964.680333
7849,964.680333,-437.808939,964.680333
7850,964.680333,-374.080501,964.680333
7851,964.680333,-322.891996,964.680333
7852,964.680333,-135.130897,964.680333
7853,964.680333,-315.695760,964.680333
7854,964.680333,-281.700494,964.680333
7855,964.680333,-537.990118,964.680333
7856,964.680333,-429.058021,964.680333
7857,964.680333,-527.076715,964.680333
7858,964.680333,-591.259303,964.680333
7859,964.680333,-402.157283,964.680333
7860,964.680333,-412.963666,964.680333
7861,964.680333,-343.980392,964.680333
7862,964.680333,-349.057624,964.680333
7863,964.680333,-409.287062,964.680333
7864,964.680333,-218.353606,964.680333
7865,964.680333,-468.336867,964.680333
7866,964.680333,-422.596168,964.680333
7867,964.680333,-390.113925,964.680333
7868,964.680333,-224.508258,964.680333
7869,964.680333,-383.557391,964.680333
7870,964.680333,-363.762195,964.680333
7871,964.680333,-388.839859,964.680333
7872,964.680333,-505.603192,964.680333
7873,964.680333,-460.622703,964.680333
7874,964.680333,-540.862612,964.680333
7875,964.680333,-421.331241,964.680333
7876,964.680333,-280.908024,964.680333
7877,964.680333,-572.966841,964.680333
7878,964.680333,-566.714414,964.680333
7879,964.680333,-413.624546,964.680333
7880,964.680333,-616.478668,964.680333
7881,964.680333,-345.646674,964.680333
7882,964.680333,-445.346061,964.680333
7883,964.680333,-665.656503,964.680333
7884,964.680333,-702.077277,964.680333
7885,964.680333,-484.834715,964.680333
7886,964.680333,-614.668985,964.680333
7887,964.680333,-399.140263,964.680333
7888,964.680333,-460.365633,964.680333
7889,964.680333,-419.470862,964.680333
7890,964.680333,-444.162176,964.680333
7891,964.680333,-251.471967,964.680333
7892,964.680333,-619.308014,964.680333
7893,964.680333,-285.048647,964.680333
7894,964.680333,-189.045129,964.680333
7895,964.680333,-349.375428,964.680333
7896,964.680333,-267.829370,964.680333
7897,964.680333,-475.404214,964.680333
7898,964.680333,-509.221929,964.680333
7899,964.680333,-368.045210,964.680333
7900,964.680333,-464.134460,964.680333
7901,964.680333,-533.634182,964.680333
7902,964.680333,-345.014670,964.680333
7903,964.680333,-78.355470,964.680333
7904,964.680333,-323.694031,964.680333
7905,964.680333,-359.984662,964.680333
7906,964.680333,-281.570680,964.680333
7907,964.680333,-269.213449,964.680333
7908,964.680333,-323.441231,964.680333
7909,964.680333,-201.677735,964.680333
7910,964.680333,-445.790583,964.680333
7911,964.680333,-345.165721,964.680333
7912,964.680333,-387.844081,964.680333
7913,964.680333,-520.326799,964.680333
7914,964.680333,-399.466442,964.680333
7915,964.680333,-621.588255,964.680333
7916,964.680333,-368.063919,964.680333
7917,964.680333,-358.245090,964.680333
7918,964.680333,-322.372665,964.680333
7919,964.680333,-465.578589,964.680333
7920,964.680333,-357.502712,964.680333
7921,964.680333,-227.334094,964.680333
7922,964.680333,-476.499616,964.680333
7923,964.680333,-261.061744,964.680333
7924,964.680333,-400.930964,964.680333
7925,964.680333,-371.697386,964.680333
7926,964.680333,-225.821240,964.680333
7927,964.680333,-331.522486,964.680333
7928,964.680333,-637.293484,964.680333
7929,964.680333,-581.941744,964.680333
7930,964.680333,-562.179406,964.680333
7931,964.680333,-421.604993,964.680333
7932,964.680333,-348.530416,964.680333
7933,964.680333,-201.245995,964.680333
7934,964.680333,-186.998520,964.680333
7935,964.680333,-499.215175,964.680333
7936,964.680333,-552.487152,964.680333
7937,964.680333,-284.968873,964.680333
7938,964.680333,-366.792792,964.680333
7939,964.680333,-508.755968,964.680333
7940,964.680333,-457.141728,964.680333
7941,964.680333,-341.637522,964.680333
7942,964.680333,-468.973407,964.680333
7943,964.680333,-376.525361,964.680333
7944,964.680333,-447.473782,964.680333
7945,964.680333,-306.487655,964.680333
7946,964.680333,-279.245229,964.680333
7947,964.680333,-118.429514,964.680333
7948,964.680333,-122.537619,964.680333
7949,964.680333,-243.849029,964.680333
7950,964.680333,-274.486105,964.680333
7951,964.680333,-280.828528,964.680333
7952,964.680333,-304.172744,964.680333
7953,964.680333,-438.603105,964.680333
7954,964.680333,-469.491084,964.680333
7955,964.680333,-301.038617,964.680333
7956,964.680333,-350.627126,964.680333
7957,964.680333,-347.404628,964.680333
7958,964.680333,-496.453921,964.680333
7959,964.680333,-468.995259,964.680333
7960,964.680333,-435.340145,964.680333
7961,964.680333,-193.654006,964.680333
7962,964.680333,-316.883534,964.680333
7963,964.680333,-463.807381,964.680333
7964,964.680333,-427.794821,964.680333
7965,964.680333,-318.158425,964.680333
7966,964.680333,-266.595827,964.680333
7967,964.680333,-462.555096,964.680333
7968,964.680333,-350.056369,964.680333
7969,964.680333,-352.807054,964.680333
7970,964.680333,-470.572045,964.680333
7971,964.680333,-694.728373,964.680333
7972,964.680333,-474.338460,964.680333
7973,964.680333,-235.531575,964.680333
7974,964.680333,-403.140904,964.680333
7975,964.680333,-357.284072,964.680333
7976,964.680333,-401.594122,964.680333
7977,964.680333,-310.307844,964.680333
7978,964.680333,-616.617520,964.680333
7979,964.680333,-586.770860,964.680333
7980,964.680333,-430.025165,964.680333
7981,964.680333,-309.066611,964.680333
7982,964.680333,-376.147459,964.680333
7983,964.680333,-352.247316,964.680333
7984,964.680333,-469.939713,964.680333
7985,964.680333,-395.400971,964.680333
7986,964.680333,-200.502481,964.680333
7987,964.680333,-307.746711,964.680333
7988,964.680333,-396.749497,964.680333
7989,964.680333,-483.467754,964.680333
7990,964.680333,-311.384319,964.680333
7991,964.680333,-429.619099,964.680333
7992,964.680333,-460.891445,964.680333
7993,964.680333,-462.170405,964.680333
7994,964.680333,-376.818885,964.680333
7995,964.680333,-235.672269,964.680333
7996,964.680333,-436.314990,964.680333
7997,964.680333,-369.223250,964.680333
7998,964.680333,-464.755541,964.680333
7999,964.680333,-445.174459,964.680333
8000,964.680333,-500.240260,964.680333
8001,964.680333,-244.946383,964.680333
8002,964.680333,-373.643545,964.680333
8003,964.680333,-127.519295,964.680333
8004,964.680333,-164.986410,964.680333
8005,964.680333,-553.724783,964.680333
8006,964.680333,-395.099150,964.680333
8007,964.680333,-357.299359,964.680333
8008,964.680333,-261.378458,964.680333
8009,964.680333,-357.630929,964.680333
8010,964.680333,-274.242127,964.680333
8011,964.680333,-237.631206,964.680333
8012,964.680333,-127.741931,964.680333
8013,964.680333,-314.276170,964.680333
8014,964.680333,-543.286100,964.680333
8015,964.680333,-562.965623,964.680333
8016,964.680333,-603.197910,964.680333
8017,964.680333,-569.765109,964.680333
8018,964.680333,-538.711502,964.680333
8019,964.680333,-454.204086,964.680333
8020,964.680333,-265.060163,964.680333
8021,964.680333,-167.436549,964.680333
8022,964.680333,-422.779777,964.680333
8023,964.680333,-232.928975,964.680333
8024,964.680333,-548.930504,964.680333
8025,964.680333,-325.868482,964.680333
8026,964.680333,-511.996860,964.680333
8027,964.680333,-482.571801,964.680333
8028,964.680333,-451.661815,964.680333
8029,964.680333,-445.548288,964.680333
8030,964.680333,-419.109776,964.680333
8031,964.680333,-417.065754,964.680333
8032,964.680333,-389.730563,964.680333
8033,964.680333,-338.895641,964.680333
8034,964.680333,-357.160125,964.680333
8035,964.680333,-360.984049,964.680333
8036,964.680333,-505.733484,964.680333
8037,964.680333,-643.165637,964.680333
8038,964.680333,-333.638410,964.680333
8039,964.680333,-407.286160,964.680333
8040,964.680333,-559.451156,964.680333
8041,964.680333,-360.960412,964.680333
8042,964.680333,-469.365594,964.680333
8043,964.680333,-293.112326,964.680333
8044,964.680333,-424.329417,964.680333
8045,964.680333,-287.438091,964.680333
8046,964.680333,-404.346799,964.680333
8047,964.680333,-598.863246,964.680333
8048,964.680333,-298.893369,964.680333
8049,964.680333,-408.238742,964.680333
8050,964.680333,-554.049453,964.680333
8051,964.680333,-582.235547,964.680333
8052,964.680333,-378.298043,964.680333
8053,964.680333,-471.908517,964.680333
8054,964.680333,-478.124634,964.680333
8055,964.680333,-383.296093,964.680333
8056,964.680333,-480.322757,964.680333
8057,964.680333,-352.877349,964.680333
8058,964.680333,-611.458965,964.680333
8059,964.680333,-621.020778,964.680333
8060,964.680333,-513.151485,964.680333
8061,964.680333,-530.804390,964.680333
8062,964.680333,-450.071802,964.680333
8063,964.680333,-536.099955,964.680333
8064,964.680333,-592.328399,964.680333
8065,964.680333,-685.826403,964.680333
8066,964.680333,-444.076357,964.680333
8067,964.680333,-492.998761,964.680333
8068,964.680333,-450.416376,964.680333
8069,964.680333,-536.587677,964.680333
8070,964.680333,-609.628285,964.680333
8071,964.680333,-458.827714,964.680333
8072,964.680333,-534.647249,964.680333
8073,964.680333,-657.246566,964.680333
8074,964.680333,-529.120166,964.680333
8075,964.680333,-363.760986,964.680333
8076,964.680333,-451.424098,964.680333
8077,964.680333,-336.901880,964.680333
8078,964.680333,-601.719443,964.680333
8079,964.680333,-532.816587,964.680333
8080,964.680333,-218.672796,964.680333
8081,964.680333,-471.180359,964.680333
8082,964.680333,-332.215390,964.680333
8083,964.680333,-343.290516,964.680333
8084,964.680333,-314.262700,964.680333
8085,964.680333,-418.253101,964.680333
8086,964.680333,-332.153959,964.680333
8087,964.680333,-391.658847,964.680333
8088,964.680333,-381.801652,964.680333
8089,964.680333,-398.545175,964.680333
8090,964.680333,-337.168607,964.680333
8091,964.680333,-380.070530,964.680333
8092,964.680333,-531.337187,964.680333
8093,964.680333,-377.373130,964.680333
8094,964.680333,-583.585393,964.680333
8095,964.680333,-472.216380,964.680333
8096,964.680333,-493.938776,964.680333
8097,964.680333,-613.484925,964.680333
8098,964.680333,-601.192346,964.680333
8099,964.680333,-603.840865,964.680333
8100,964.680333,-531.750698,964.680333
8101,964.680333,-587.536452,964.680333
8102,964.680333,-630.109871,964.680333
8103,964.680333,-726.108784,964.680333
8104,964.680333,-485.447311,964.680333
8105,964.680333,-497.390695,964.680333
8106,964.680333,-319.267661,964.680333
8107,964.680333,-400.162585,964.680333
8108,964.680333,-273.453627,964.680333
8109,964.680333,-503.813639,964.680333
8110,964.680333,-417.955002,964.680333
8111,964.680333,-398.245165,964.680333
8112,964.680333,-39.290449,964.680333
8113,964.680333,-355.993458,964.680333
8114,964.680333,-391.312186,964.680333
8115,964.680333,-625.056155,964.680333
8116,964.680333,-458.681901,964.680333
8117,964.680333,-437.432729,964.680333
8118,964.680333,-611.947277,964.680333
8119,964.680333,-416.050301,964.680333
8120,964.680333,-501.119019,964.680333
8121,964.680333,-283.018045,964.680333
8122,964.680333,-560.790169,964.680333
8123,964.680333,-557.237741,964.680333
8124,964.680333,-414.610029,964.680333
8125,964.680333,-386.537806,964.680333
8126,964.680333,-150.408784,964.680333
8127,964.680333,-316.258412,964.680333
8128,964.680333,-620.754721,964.680333
8129,964.680333,-372.753190,964.680333
8130,964.680333,-506.718634,964.680333
8131,964.680333,-670.297681,964.680333
8132,964.680333,-574.662113,964.680333
8133,964.680333,-703.106311,964.680333
8134,964.680333,-348.856920,964.680333
8135,964.680333,-357.290061,964.680333
8136,964.680333,-340.444610,964.680333
8137,964.680333,-582.360335,964.680333
8138,964.680333,-427.371568,964.680333
8139,964.680333,-299.975324,964.680333
8140,964.680333,-427.182561,964.680333
8141,964.680333,-434.308953,964.680333
8142,964.680333,-376.121055,964.680333
8143,964.680333,-390.995052,964.680333
8144,964.680333,-264.729437,964.680333
8145,964.680333,-434.020542,964.680333
8146,964.680333,-471.221795,964.680333
8147,964.680333,-595.228137,964.680333
8148,964.680333,-451.918268,964.680333
8149,964.680333,-482.459827,964.680333
8150,964.680333,-462.375385,964.680333
8151,964.680333,-253.041744,964.680333
8152,964.680333,-423.111543,964.680333
8153,964.680333,-628.344612,964.680333
8154,964.680333,-462.999215,964.680333
8155,964.680333,-613.339878,964.680333
8156,964.680333,-508.685734,964.680333
8157,964.680333,-454.172626,964.680333
8158,964.680333,-369.001861,964.680333
8159,964.680333,-522.003051,964.680333
8160,964.680333,-393.162992,964.680333
8161,964.680333,-507.394897,964.680333
8162,964.680333,-541.860236,964.680333
8163,964.680333,-384.223654,964.680333
8164,964.680333,-223.695343,964.680333
8165,964.680333,-436.335813,964.680333
8166,964.680333,-551.836593,964.680333
8167,964.680333,-500.018380,964.680333
8168,964.680333,-452.636519,964.680333
8169,964.680333,-546.391105,964.680333
8170,964.680333,-506.179469,964.680333
8171,964.680333,-511.633827,964.680333
8172,964.680333,-515.678250,964.680333
8173,964.680333,-448.812641,964.680333
8174,964.680333,-330.023036,964.680333
8175,964.680333,-374.390098,964.680333
8176,964.680333,-535.725068,964.680333
8177,964.680333,-494.183953,964.680333
8178,964.680333,-336.907852,964.680333
8179,964.680333,-455.565488,964.680333
8180,964.680333,-529.067697,964.680333
8181,964.680333,-563.260874,964.680333
8182,964.680333,-638.909019,964.680333
8183,964.680333,-481.482571,964.680333
8184,964.680333,-589.885538,964.680333
8185,964.680333,-745.662796,964.680333
8186,964.680333,-586.203613,964.680333
8187,964.680333,-612.253611,964.680333
8188,964.680333,-544.429547,964.680333
8189,964.680333,-611.725112,964.680333
8190,964.680333,-654.060782,964.680333
8191,964.680333,-548.634902,964.680333
8192,964.680333,-471.207819,964.680333
8193,964.680333,-248.836787,964.680333
8194,964.680333,-399.305390,964.680333
8195,964.680333,-411.960600,964.680333
8196,964.680333,-561.970614,964.680333
8197,964.680333,-586.942303,964.680333
8198,964.680333,-608.064329,964.680333
8199,964.680333,-684.745412,964.680333
8200,964.680333,-668.207632,964.680333
8201,964.680333,-608.661097,964.680333
8202,964.680333,-460.691922,964.680333
8203,964.680333,-439.804758,964.680333
8204,964.680333,-458.049827,964.680333
8205,964.680333,-82.969392,964.680333
8206,964.680333,-419.808997,964.680333
8207,964.680333,-398.639950,964.680333
8208,964.680333,-585.132330,964.680333
8209,964.680333,-728.741965,964.680333
8210,964.680333,-531.027378,964.680333
8211,964.680333,-483.083393,964.680333
8212,964.680333,-290.903281,964.680333
8213,964.680333,-502.063060,964.680333
8214,964.680333,-536.375583,964.680333
8215,964.680333,-257.668492,964.680333
8216,964.680333,-468.938308,964.680333
8217,964.680333,-349.799105,964.680333
8218,964.680333,-313.986251,964.680333
8219,964.680333,-390.511814,964.680333
8220,964.680333,-558.638375,964.680333
8221,964.680333,-583.619808,964.680333
8222,964.680333,-431.213873,964.680333
8223,964.680333,-347.403557,964.680333
8224,964.680333,-581.112573,964.680333
8225,964.680333,-276.630969,964.680333
8226,964.680333,-532.550122,964.680333
8227,964.680333,-261.487515,964.680333
8228,964.680333,-287.389266,964.680333
8229,964.680333,-220.654294,964.680333
8230,964.680333,-387.119323,964.680333
8231,964.680333,-256.904299,964.680333
8232,964.680333,-114.968408,964.680333
8233,964.680333,-330.115637,964.680333
8234,964.680333,-502.572449,964.680333
8235,964.680333,-345.558960,964.680333
8236,964.680333,-326.498543,964.680333
8237,964.680333,-282.046576,964.680333
8238,964.680333,-477.689813,964.680333
8239,964.680333,-476.670587,964.680333
8240,964.680333,-394.964502,964.680333
8241,964.680333,-467.589238,964.680333
8242,964.680333,-452.878939,964.680333
8243,964.680333,-433.602982,964.680333
8244,964.680333,-503.705781,964.680333
8245,964.680333,-436.311722,964.680333
8246,964.680333,-415.132157,964.680333
8247,964.680333,-237.676039,964.680333
8248,964.680333,-315.862278,964.680333
8249,964.680333,-543.574337,964.680333
8250,964.680333,-692.973861,964.680333
8251,964.680333,-697.355151,964.680333
8252,964.680333,-502.432416,964.680333
8253,964.680333,-265.012007,964.680333
8254,964.680333,-269.049015,964.680333
8255,964.680333,-343.992930,964.680333
8256,964.680333,-356.220548,964.680333
8257,964.680333,-468.918153,964.680333
8258,964.680333,-502.937396,964.680333
8259,964.680333,-337.882370,964.680333
8260,964.680333,-412.602902,964.680333
8261,964.680333,-584.679589,964.680333
8262,964.680333,-471.658124,964.680333
8263,964.680333,-542.227189,964.680333
8264,964.680333,-469.786034,964.680333
8265,964.680333,-453.050864,964.680333
8266,964.680333,-568.008735,964.680333
8267,964.680333,-509.054793,964.680333
8268,964.680333,-430.081814,964.680333
8269,964.680333,-504.804290,964.680333
8270,964.680333,-609.966970,964.680333
8271,964.680333,-653.438187,964.680333
8272,964.680333,-495.713230,964.680333
8273,964.680333,-315.034678,964.680333
8274,964.680333,-389.063841,964.680333
8275,964.680333,-374.843996,964.680333
8276,964.680333,-309.078237,964.680333
8277,964.680333,-518.266999,964.680333
8278,964.680333,-491.774079,964.680333
8279,964.680333,-424.275169,964.680333
8280,964.680333,-564.987519,964.680333
8281,964.680333,-314.786957,964.680333
8282,964.680333,-112.944765,964.680333
8283,964.680333,-329.393483,964.680333
8284,964.680333,-168.552349,964.680333
8285,964.680333,-390.115979,964.680333
8286,964.680333,-156.518920,964.680333
8287,964.680333,-277.233394,964.680333
8288,964.680333,-251.543867,964.680333
8289,964.680333,-437.857318,964.680333
8290,964.680333,-420.967313,964.680333
8291,964.680333,-361.085933,964.680333
8292,964.680333,-381.626007,964.680333
8293,964.680333,-354.964493,964.680333
8294,964.680333,-458.439492,964.680333
8295,964.680333,-445.660469,964.680333
8296,964.680333,-468.639782,964.680333
8297,964.680333,-527.313995,964.680333
8298,964.680333,-345.040885,964.680333
8299,964.680333,-480.701263,964.680333
8300,964.680333,-393.472039,964.680333
8301,964.680333,-465.885708,964.680333
8302,964.680333,-490.019971,964.680333
8303,964.680333,-248.895859,964.680333
8304,964.680333,-351.174634,964.680333
8305,964.680333,-516.797098,964.680333
8306,964.680333,-513.407475,964.680333
8307,964.680333,-494.091373,964.680333
8308,964.680333,-568.833376,964.680333
8309,964.680333,-609.065397,964.680333
8310,964.680333,-513.142591,964.680333
8311,964.680333,-581.428790,964.680333
8312,964.680333,-499.424997,964.680333
8313,964.680333,-573.671671,964.680333
8314,964.680333,-621.181231,964.680333
8315,964.680333,-577.476179,964.680333
8316,964.680333,-423.044157,964.680333
8317,964.680333,-308.733823,964.680333
8318,964.680333,-357.817021,964.680333
8319,964.680333,-608.628799,964.680333
8320,964.680333,-625.826490,964.680333
8321,964.680333,-465.722056,964.680333
8322,964.680333,-630.588427,964.680333
8323,964.680333,-475.256048,964.680333
8324,964.680333,-619.069267,964.680333
